sent_to,no. PFDs,overdue,pending,completed,% completed
Department of Health and Social Care,490,258,12,220,44.9
NHS England,373,157,10,206,55.2
Care Quality Commission,129,84,3,42,32.6
NHS Foundation Trust,77,42,1,34,44.2
Ministry of Justice,67,54,0,13,19.4
National Highways,64,40,2,22,34.4
HM Prison and Probation Service,63,33,4,26,41.3
Home Office,59,28,1,30,50.8
Betsi Cadwaladr University Health Board,56,20,2,34,60.7
Barts Health NHS Trust,52,19,1,32,61.5
Department for Transport,51,19,0,32,62.7
Metropolitan Police,46,13,0,33,71.7
Health and Safety Executive,44,25,0,19,43.2
National Institute for Health and Care Excellence,44,23,1,20,45.5
Pennine Care NHS Foundation Trust,41,22,0,19,46.3
Clinical Commissioning Group,41,28,0,13,31.7
Greater Manchester Integrated Care Partnership,39,18,1,20,51.3
Welsh Ambulance Services NHS Trust,36,15,0,21,58.3
Network Rail,33,6,0,27,81.8
National Offender Management Service,32,24,0,8,25.0
National Police Chiefs’ Council,31,22,1,8,25.8
Medicines and Healthcare Products Regulatory Agency,31,18,0,13,41.9
Cwm Taf Morgannwg University Health Board,31,15,0,16,51.6
East London NHS Foundation Trust,30,15,0,15,50.0
Tameside and Glossop Integrated Care NHS Foundation Trust,30,16,0,14,46.7
Greater Manchester Mental Health NHS Foundation Trust,30,18,0,12,40.0
College of Policing,28,9,0,19,67.9
Department for Education,27,11,0,16,59.3
Manchester University NHS Foundation Trust,27,17,0,10,37.0
University Hospitals Sussex NHS Foundation Trust,27,10,0,17,63.0
General Medical Council,26,15,0,11,42.3
Association of Ambulance Chief Executives,26,12,0,14,53.8
London Ambulance Service NHS Trust,25,12,0,13,52.0
Greater Manchester Police,24,6,0,18,75.0
Stockport NHS Foundation Trust,24,11,0,13,54.2
Essex Partnership University NHS Foundation Trust,23,15,2,6,26.1
Central and North West London NHS Foundation Trust,22,14,0,8,36.4
Sussex Partnership NHS Foundation Trust,22,9,0,13,59.1
Probation Service,22,11,0,11,50.0
Care UK,20,11,0,9,45.0
Oxleas NHS Foundation Trust,19,8,1,10,52.6
Lewisham & Greenwich NHS Trust,19,7,0,12,63.2
Leicester,18,4,0,14,77.8
Nottinghamshire Healthcare NHS Foundation Trust,18,8,1,9,50.0
Transport for London,18,5,0,13,72.2
Cornwall Council,18,6,0,12,66.7
Norfolk and Suffolk NHS Foundation Trust,17,4,0,13,76.5
Blackpool Teaching Hospitals NHS Foundation Trust,17,7,0,10,58.8
Ministry of Defence,17,4,0,13,76.5
Warwickshire,17,9,0,8,47.1
Swansea Bay University Health Board,16,9,0,7,43.8
REDACTED,16,8,3,5,31.2
Welsh Government,16,7,0,9,56.2
Aneurin Bevan University Health Board,16,6,0,10,62.5
NHS Birmingham and Solihull Integrated Care Board,16,7,0,9,56.2
East Midlands Ambulance Service,16,4,0,12,75.0
Devon Partnership NHS Trust,16,6,1,9,56.2
Bristol,15,12,0,3,20.0
Royal College of General Practitioners,15,7,0,8,53.3
Northern Care Alliance NHS Foundation Trust,15,7,0,8,53.3
North West Ambulance Service NHS Trust,15,8,0,7,46.7
Royal College of Obstetricians and Gynaecologists,15,11,0,4,26.7
Medway NHS Foundation Trust,15,7,0,8,53.3
Royal College of Psychiatrist,15,12,0,3,20.0
Bedfordshire,14,8,0,6,42.9
University Hospitals Plymouth NHS Trust,14,7,0,7,50.0
West Midlands Police,14,5,0,9,64.3
Royal College of Paediatrics and Child Health,14,8,0,6,42.9
South Central Ambulance Service NHS Foundation Trust,14,11,0,3,21.4
North East London Foundation Trust NHS Foundation Trust,14,11,0,3,21.4
Civil Aviation Authority,14,2,0,12,85.7
United Lincolnshire Hospitals NHS Trust,13,7,0,6,46.2
Milton Keynes University Hospital NHS Foundation Trust,13,5,0,8,61.5
Heathview Medical Practice,13,10,0,3,23.1
Nursing and Midwifery Council,12,6,0,6,50.0
East of England Ambulance Service NHS Trust,12,7,1,4,33.3
Havering and Redbridge University Hospitals NHS Trust,12,8,0,4,33.3
Driver & Vehicle Licensing Agency,12,11,0,1,8.3
University Hospitals of North Midlands NHS Trust,12,5,0,7,58.3
Surrey and Borders Partnership NHS Foundation Trust,12,6,1,5,41.7
Housing and Communities,12,8,1,3,25.0
Birmingham City Council,12,7,1,4,33.3
Surrey County Council,11,7,0,4,36.4
Bolton NHS Foundation Trust,11,3,0,8,72.7
North East Ambulance Service NHS Foundation Trust,11,7,1,3,27.3
Kent County Council,11,6,0,5,45.5
Kent and Medway NHS and Social Care Partnership Trust,11,8,0,3,27.3
Cardiff and Vale University Health Board,11,4,0,7,63.6
West Sussex,10,4,0,6,60.0
Yorkshire Ambulance Service NHS Trust,10,3,1,6,60.0
The Priory Group,10,4,0,6,60.0
Northumberland,10,4,0,6,60.0
Luton,10,5,0,5,50.0
Durham County Council,10,3,0,7,70.0
Camden and Islington NHS Foundation Trust,10,4,0,6,60.0
West London NHS Trust,10,5,1,4,40.0
King’s College Hospital NHS Foundation Trust,10,7,0,3,30.0
Cumbria County Council,10,3,0,7,70.0
Leeds Teaching Hospitals NHS Trust,10,6,0,4,40.0
HMP Pentonville,10,9,0,1,10.0
Department for Levelling Up,9,7,1,1,11.1
Maritime and Coastguard Agency,9,1,0,8,88.9
South East Coast Ambulance Service NHS Foundation Trust,9,3,0,6,66.7
The Royal Wolverhampton NHS Trust,9,5,0,4,44.4
Southern Health NHS Foundation Trust,9,3,0,6,66.7
Cornwall Partnership NHS Foundation Trust,9,4,0,5,55.6
Practice Plus Group,9,4,1,4,44.4
Birmingham and Solihull Mental Health NHS Foundation Trust,9,2,0,7,77.8
Royal College of Anaesthetists,9,2,1,6,66.7
East Kent Hospitals University NHS Foundation Trust,9,6,0,3,33.3
Trafford Council,9,5,0,4,44.4
Sussex Police,9,4,0,5,55.6
Doncaster and Bassetlaw Teaching Hospitals NHS Foundation Trust,9,2,0,7,77.8
Calderdale Council,9,6,0,3,33.3
South West Yorkshire Partnership NHS Foundation Trust,9,5,1,3,33.3
Media and Sport,9,4,2,3,33.3
Walsall Healthcare NHS Trust,9,4,0,5,55.6
Whittington Health NHS Trust,9,1,0,8,88.9
Norfolk and Norwich University Hospitals NHS Foundation Trust,9,7,1,1,11.1
Gloucestershire Hospital NHS Foundation Trust,8,3,0,5,62.5
Oxford University Hospitals NHS Foundation Trust,8,1,0,7,87.5
Energy and Industrial Strategy,8,5,0,3,37.5
Royal College of Physicians,8,5,0,3,37.5
Cheshire East Council,8,1,0,7,87.5
St George’s University Hospitals NHS Foundation Trust,8,6,0,2,25.0
North East London NHS Foundation Trust,8,6,0,2,25.0
Royal Free London NHS Foundation Trust,8,4,0,4,50.0
British Medical Association,8,6,0,2,25.0
Avon & Wiltshire Mental Health Partnership NHS Trust,8,5,0,3,37.5
Cyngor Sir Powys County Council,8,8,0,0,0.0
Portsmouth Hospitals NHS Trust,8,4,0,4,50.0
Department for Work and Pensions,8,4,0,4,50.0
Surrey Police,8,5,0,3,37.5
Devon and Cornwall Police,8,5,0,3,37.5
Barking,8,6,0,2,25.0
Communities and Local Government,8,4,0,4,50.0
Canal and River Trust,8,6,0,2,25.0
West Midlands Ambulance Service University NHS Foundation Trust,8,3,0,5,62.5
Resuscitation Council UK,8,4,0,4,50.0
G4S,8,4,0,4,50.0
Sheffield Teaching Hospitals NHS Foundation Trust,7,4,0,3,42.9
Mid Yorkshire Hospitals NHS Trust,7,3,0,4,57.1
Homerton Healthcare NHS Foundation Trust,7,3,0,4,57.1
Egton Medical Information Systems,7,6,0,1,14.3
Lincolnshire County Council,7,2,0,5,71.4
Nottinghamshire County Council,7,3,0,4,57.1
Royal College of Emergency Medicine,7,4,0,3,42.9
Joint Royal Colleges Ambulance Liaison Committee,7,6,0,1,14.3
University Hospitals Bristol and Weston NHS Foundation Trust,7,3,0,4,57.1
Leeds City Council,7,0,0,7,100.0
Lancashire and South Cumbria NHS Foundation Trust,7,3,0,4,57.1
Dorset Police,7,2,0,5,71.4
Dorset Healthcare University NHS Foundation Trust,7,6,0,1,14.3
Dorset Council,7,0,0,7,100.0
University Hospitals Birmingham NHS Foundation Trust,7,1,1,5,71.4
North Bristol NHS Trust,7,3,0,4,57.1
Surrey and Sussex Healthcare NHS Trust,7,5,0,2,28.6
General Pharmaceutical Council,7,4,0,3,42.9
Cornwall and Isles of Scilly Integrated Care Board,7,5,0,2,28.6
Royal Cornwall Hospitals NHS Trust,7,3,0,4,57.1
University Hospitals of Derby and Burton NHS Foundation Trust,7,4,0,3,42.9
Royal College of Surgeons,7,5,0,2,28.6
Bedfordshire Luton and Milton Keynes Integrated Care Board,6,6,0,0,0.0
Tower Hamlets Council,6,4,0,2,33.3
Social Care Partnership Trust,6,4,0,2,33.3
Hampshire County Council,6,1,0,5,83.3
Ashford and St Peter’s Hospitals NHS Foundation Trust,6,3,0,3,50.0
Royal College of Pathologists,6,5,0,1,16.7
Office for Product Safety and Standards,6,2,1,3,50.0
Suffolk County Council,6,2,0,4,66.7
Health Services Safety Investigations Body,6,4,0,2,33.3
Herefordshire and Worcestershire Health and Care NHS Trust,6,3,0,3,50.0
Birmingham & Solihull Mental Health Trust,6,4,0,2,33.3
Nottingham University Hospitals,6,2,0,4,66.7
South Wales Police,6,3,0,3,50.0
Mid and South Essex NHS Foundation Trust,6,3,0,3,50.0
Devon County Council,6,3,0,3,50.0
Royal Pharmaceutical Society,6,3,0,3,50.0
Royal National Lifeboat Institution,6,3,0,3,50.0
Food Standards Agency,6,1,0,5,83.3
South Western Ambulance Service NHS Foundation Trust,6,5,0,1,16.7
Midlands Partnership University NHS Foundation Trust,6,2,0,4,66.7
South West London and St George’s Mental Health NHS Trust,6,2,0,4,66.7
Hampshire & Isle of Wight Constubulary,6,5,0,1,16.7
Cambridgeshire County Council,6,3,1,2,33.3
Essex County Council,6,4,1,1,16.7
Capita,5,0,0,5,100.0
Kettering General Hospital NHS Foundation Trust,5,3,0,2,40.0
Cumbria,5,3,0,2,40.0
Circle Health Group,5,4,0,1,20.0
BUPA,5,2,0,3,60.0
North Cumbria Integrated Care NHS Foundation Trust,5,2,1,2,40.0
"Cumbria, Northumberland, Tyne and Wear NHS Foundation Trust",5,5,0,0,0.0
Royal College of Nursing,5,4,0,1,20.0
County Durham and Darlington NHS Foundation Trust,5,2,0,3,60.0
Change Grow Live,5,5,0,0,0.0
HM Prison Hewell,5,4,0,1,20.0
Hywel Dda University Health Board,5,4,0,1,20.0
Birmingham Women's and Children's NHS Foundation Trust,5,5,0,0,0.0
North Yorkshire County Council,5,3,0,2,40.0
Sandwell and West Birmingham Hospitals NHS Trust,5,1,1,3,60.0
George Eilot Hospital NHS Trust,5,4,0,1,20.0
Sheffield City Council,5,2,0,3,60.0
Derbyshire Healthcare NHS Foundation Trust,5,3,0,2,40.0
Oxford University,5,2,0,3,60.0
Bedfordshire Hospitals NHS Foundation Trust,5,3,0,2,40.0
University Hospitals of Leicester NHS Trust,5,2,0,3,60.0
Medicines & Healthcare Products Regulatory Agency,5,4,0,1,20.0
Spire Healthcare Limited,5,3,0,2,40.0
Great Western Hospitals NHS Foundation Trust,5,2,0,3,60.0
Epsom & St Helier University Hospital NHS Trust,5,3,0,2,40.0
Esk and Wear Valleys NHS,5,1,0,4,80.0
Essex Police,5,3,0,2,40.0
South Western Railway,5,3,0,2,40.0
Frimley Health NHS Foundation Trust,5,3,1,1,20.0
Black Country Healthcare NHS Foundation Trust,5,3,0,2,40.0
Wye Valley NHS Trust,5,1,0,4,80.0
University College London Hospitals NHS Foundation Trust,5,3,0,2,40.0
Leeds and York Partnership NHS Foundation Trust,5,1,0,4,80.0
Lewisham Council,5,5,0,0,0.0
Driver and Vehicle Standards Agency,5,3,0,2,40.0
Leicester Leicestershire and Rutland Integrated Care Board,5,3,0,2,40.0
Norfolk County Council,4,0,0,4,100.0
HM Prison Leeds,4,2,0,2,50.0
HM Prison Belmarsh,4,4,0,0,0.0
Gateshead Health NHS Foundation Trust,4,3,0,1,25.0
Commonwealth & Development Office,4,4,0,0,0.0
City of Wolverhampton Council,4,4,0,0,0.0
Mitie Group,4,4,0,0,0.0
Wiltshire Police,4,1,0,3,75.0
National Trust,4,0,0,4,100.0
Advisory Council on the Misuse of Drugs,4,4,0,0,0.0
NHS Wales,4,3,0,1,25.0
South Warwickshire University NHS Foundation Trust,4,0,1,3,75.0
Association of Directors of Adult Social Services,4,3,0,1,25.0
South Tyneside and Sunderland NHS Foundation Trust,4,1,0,3,75.0
Heart of England NHS Foundation Trust,4,4,0,0,0.0
Forward Trust,4,3,0,1,25.0
Royal Berkshire NHS Foundation Trust,4,2,0,2,50.0
Sandwell and West Birmingham NHS Trust,4,3,1,0,0.0
HCA Healthcare UK,4,2,0,2,50.0
Royal College of Radiologists,4,1,0,3,75.0
West Yorkshire Integrated Care Board,4,2,1,1,25.0
Staffordshire County Council,4,1,0,3,75.0
HMP Long Lartin,4,1,0,3,75.0
East Lancashire Hospitals NHS Trust,4,2,0,2,50.0
National Fire Chiefs Council,4,2,0,2,50.0
Tameside Metropolitan Borough Council,4,3,0,1,25.0
HMP Woodhill,4,2,0,2,50.0
Sheffield Children’s NHS Foundation Trust,4,2,0,2,50.0
Department for Business,4,1,0,3,75.0
Gloucestershire Health and Care NHS Foundation Trust,4,1,0,3,75.0
Northumbria Police,4,2,0,2,50.0
Department for Culture,4,2,2,0,0.0
Gloucestershire County Council,4,1,0,3,75.0
West Yorkshire Police,4,1,0,3,75.0
NHS Kent and Medway Integrated Care Board,4,4,0,0,0.0
Wiltshire Council,4,2,0,2,50.0
Shrewsbury and Telford Hospital NHS Trust,4,2,0,2,50.0
Royal United Hospitals Bath NHS Foundation Trust,4,3,0,1,25.0
Milton Keynes City Council,4,1,0,3,75.0
Foreign,4,2,0,2,50.0
Camden Council,4,1,0,3,75.0
Barnsley Hospital NHS Foundation Trust,4,3,0,1,25.0
Avon and Somerset Police,4,2,0,2,50.0
Isle of Wight NHS Trust,4,3,0,1,25.0
Lincolnshire Police,4,3,0,1,25.0
Universities and Colleges Admissions Service,4,3,0,1,25.0
University Hospitals Coventry and Warwickshire NHS Trust,4,3,0,1,25.0
Chesterfield Royal Hospital NHS Foundation Trust,4,4,0,0,0.0
Cambridgeshire and Peterborough NHS Foundation Trust,4,4,0,0,0.0
London Fire Brigade,4,0,1,3,75.0
James Paget University Hospitals NHS Foundation Trust,4,3,0,1,25.0
British Society for Allergy and Clinical Immunology,4,2,0,2,50.0
Chief Fire Officers Association,4,3,0,1,25.0
Rail Safety and Standards Board,4,3,0,1,25.0
Borough Care,4,0,0,4,100.0
Midlands Partnership NHS Foundation Trust,4,1,0,3,75.0
Walsall Council,4,2,0,2,50.0
British Transport Police,4,1,2,1,25.0
Northumbria Healthcare NHS Foundation Trust,4,2,0,2,50.0
Virgin Care,4,3,0,1,25.0
Hertfordshire County Council,4,2,0,2,50.0
Bolton Council,4,3,0,1,25.0
BCP Council,4,1,0,3,75.0
North Wales Local Authorities,4,4,0,0,0.0
Lancashire County Council,3,0,0,3,100.0
Sunderland City Council,3,1,0,2,66.7
Bury Council,3,1,0,2,66.7
Lancashire Teaching Hospitals NHS Foundation Trust,3,2,1,0,0.0
Turning Point,3,0,0,3,100.0
Lancashire and South Cumbria Integrated Care Board,3,2,0,1,33.3
Dudley Group NHS Foundation Trust,3,1,0,2,66.7
Worcestershire Acute Hospitals NHS trust,3,1,0,2,66.7
Secretary of State for the Home Department,3,2,0,1,33.3
NHS Nottingham and Nottinghamshire Integrated Care Board,3,3,0,0,0.0
HM Chief Inspector of Prisons,3,3,0,0,0.0
Sunrise Senior Living,3,1,0,2,66.7
Lancashire Constabulary,3,1,0,2,66.7
Kirklees Council,3,2,0,1,33.3
Merseyside Police,3,2,0,1,33.3
Calderdale and Huddersfield NHS Foundation Trust,3,3,0,0,0.0
Cambian Group,3,0,0,3,100.0
Cambridgeshire Peterborough Integrated Care System,3,2,1,0,0.0
Derbyshire County Council,3,1,0,2,66.7
North West Boroughs Healthcare NHS Foundation Trust,3,1,0,2,66.7
Department of Health and Social Care and Ministry of Justice,3,1,0,2,66.7
Sandwell Council,3,1,0,2,66.7
BT,3,3,0,0,0.0
Dudley and Walsall Mental Health Partnership NHS Trust,3,2,0,1,33.3
Mersey Care NHS Foundation Trust,3,1,0,2,66.7
Serco,3,3,0,0,0.0
Dyfed-Powys Police,3,2,0,1,33.3
South London and Maudsley NHS Foundation Trust,3,1,0,2,66.7
South East Coast Ambulance Service and Department of Health and Social Care,3,0,0,3,100.0
Newcastle City Council,3,1,1,1,33.3
Berkshire Healthcare NHS Foundation Trust,3,1,0,2,66.7
Somerset County Council,3,2,0,1,33.3
Solent NHS Trust,3,0,0,3,100.0
National Trading Standards,3,1,0,2,66.7
Office of Rail and Road,3,2,0,1,33.3
London North West University Healthcare NHS Trust,3,1,0,2,66.7
Local Government Association,3,2,0,1,33.3
Liverpool Heart and Chest Hospital NHS Foundation Trust,3,1,0,2,66.7
Brighton and Hove City Council,3,3,0,0,0.0
St Andrews Healthcare,3,1,0,2,66.7
Mental Health Trust,3,2,0,1,33.3
University Hospital Southampton NHS Foundation Trust,3,1,0,2,66.7
British National Formulary,3,3,0,0,0.0
Staffordshire Police,3,1,0,2,66.7
Sheffield Health and Social Care NHS Foundation Trust,3,1,0,2,66.7
Lincolnshire Partnership NHS Foundation Trust,3,1,0,2,66.7
Stockport Meteropolitan Borough Council,3,0,0,3,100.0
British Society of Gastroenterology,3,1,0,2,66.7
East and North Hertfordshire NHS Trust,3,1,0,2,66.7
East Sussex County Council,3,1,0,2,66.7
Department for Health & Social Care,3,1,1,1,33.3
Greater Manchester Combined Authority,3,1,0,2,66.7
Wrightington Wigan and Leigh Teaching Hospitals NHS Foundation Trust,3,1,0,2,66.7
Wrexham County Borough Council,3,0,0,3,100.0
ELFT,3,1,0,2,66.7
Greater Manchester Health & Social Care Partnership,3,1,0,2,66.7
Wigan Council,3,2,0,1,33.3
Construction Industry Council,3,1,0,2,66.7
Harbour Healthcare Limited,3,3,0,0,0.0
Cheshire and Wirral Partnership NHS Foundation Trust,3,1,0,2,66.7
Cheshire West and Chester Council,3,3,0,0,0.0
Royal Surrey NHS Foundation Trust,3,3,0,0,0.0
Royal Yachting Association,3,2,0,1,33.3
West Suffolk NHS Foundation Trust,3,1,0,2,66.7
Royal College of Midwives,3,2,0,1,33.3
Isle of Wight Council,3,0,0,3,100.0
Castle Rock Group,3,1,0,2,66.7
Swindon Borough Council,3,2,0,1,33.3
North Cumbria University Hospitals NHS Trust,3,2,0,1,33.3
Princess Alexandra Hospital NHS Trust,3,1,0,2,66.7
West Mercia Police,3,1,0,2,66.7
Chief Medical Officer for Wales,3,2,0,1,33.3
West Wales General Hospital,3,1,0,2,66.7
Tees Esk and Wear Valley NHS Foundation Trust,3,3,0,0,0.0
West Hertfordshire Hospitals NHS Trust,3,1,0,2,66.7
Cheshire and Merseyside Integrated Care Board,3,3,0,0,0.0
Darlington Farmers Auction Mart,3,3,0,0,0.0
Powys Teaching Health Board,3,1,0,2,66.7
Department for Digital,3,2,0,1,33.3
Hampshire and Isle of Wight Integrated Care Board,3,2,0,1,33.3
Chelsea and Westminster Hospital NHS Foundation Trust,3,2,0,1,33.3
Imperial College Healthcare NHS Trust,3,3,0,0,0.0
Hampshire Hospitals NHS Foundation Trust,3,1,0,2,66.7
Royal Borough of Greenwich,3,2,0,1,33.3
Reading Borough Council,3,1,0,2,66.7
Croydon Health Services NHS Trust,3,1,0,2,66.7
Thames Valley Police,3,0,0,3,100.0
Association of Police and Crime Commissioners,3,2,0,1,33.3
HMP Birmingham,3,1,0,2,66.7
Road Haulage Association,3,1,0,2,66.7
Cheshire Constabulary,3,2,0,1,33.3
HMP Durham,3,0,0,3,100.0
Hull University Teaching Hospitals NHS Trust,2,1,1,0,0.0
Sherwood Forest Hospitals NHS Foundation Trust,2,1,0,1,50.0
Liverpool City Council,2,1,0,1,50.0
Hounslow Council,2,1,0,1,50.0
Orchard Surgery,2,2,0,0,0.0
National Highways Agency,2,0,1,1,50.0
Oldham Council,2,1,0,1,50.0
General Dental Council,2,1,0,1,50.0
North Lincolnshire Council,2,1,0,1,50.0
NHS Gloucestershire Integrated Care Board,2,2,0,0,0.0
Medica Reporting Ltd,2,1,0,1,50.0
Manchester City Council,2,1,0,1,50.0
Nottingham University Hospital NHS Trust,2,1,0,1,50.0
Herefordshire Council,2,0,0,2,100.0
Rotherham Doncaster and South Humber NHS Foundation Trust,2,1,0,1,50.0
Four Seasons Health Care,2,1,0,1,50.0
Hertfordshire Constabulary,2,1,0,1,50.0
Nottingham and Nottinghamshire Clinical Commissioning Group,2,1,0,1,50.0
Navigo,2,2,0,0,0.0
Richmond Medical Centre,2,1,0,1,50.0
Somerset NHS Foundation Trust,2,1,0,1,50.0
Nuffield Health,2,1,0,1,50.0
Monmouthshire County Council,2,1,0,1,50.0
Maidstone and Tunbridge Wells NHS Foundation Trust,2,0,0,2,100.0
Health and Care Professions Council,2,1,0,1,50.0
GEOAmey,2,1,0,1,50.0
Society of Radiographers,2,0,0,2,100.0
Society of British Neurological Surgeons,2,1,0,1,50.0
Royal Devon University Healthcare Foundation Trust,2,0,0,2,100.0
Office of Communications,2,1,1,0,0.0
Slough Borough Council,2,1,0,1,50.0
Havering and Redbridge University Trust,2,2,0,0,0.0
Northern Rail,2,1,0,1,50.0
Independent Advisory Panel on Deaths in Custody,2,2,0,0,0.0
Govia Thameslink Railway,2,0,0,2,100.0
Heaton Moor Medical Group,2,2,0,0,0.0
NHS Devon Integrated Care Board,2,1,0,1,50.0
HMP Nottingham,2,2,0,0,0.0
HM Courts & Tribunals Service,2,1,0,1,50.0
HMP Lindholme,2,1,0,1,50.0
Lambeth Council,2,1,0,1,50.0
North Somerset Council,2,0,1,1,50.0
Pennine Care Trust,2,2,0,0,0.0
HMP Guys Marsh,2,0,0,2,100.0
HMP Elmley,2,0,0,2,100.0
HMP Dovegate,2,0,0,2,100.0
NHS Blood and Transplant,2,1,0,1,50.0
HM Prison Exeter,2,1,0,1,50.0
HMP Bedford,2,2,0,0,0.0
North West Anglia NHS Foundation Trust,2,1,0,1,50.0
Kent Police,2,0,0,2,100.0
Jigsaw Homes Group,2,1,0,1,50.0
HM Prison Portland,2,1,0,1,50.0
Portsmouth City Council,2,0,0,2,100.0
HM Prison Preston,2,2,0,0,0.0
NHS Lothian Scotland,2,2,0,0,0.0
NHS Professionals Limited,2,1,0,1,50.0
Secretary of State for Health & Social Care,2,2,0,0,0.0
Ford UK,2,2,0,0,0.0
Greater Manchester Fire and Rescue Service,2,1,0,1,50.0
Great Ormond Street Hospital for Children NHS Foundation Trust,2,1,0,1,50.0
Incommunities,2,1,0,1,50.0
HM Prison Winchester,2,2,0,0,0.0
Hackney Council,2,1,0,1,50.0
Lincolnshire Integrated Care Board,2,2,0,0,0.0
National Crime Agency,2,1,1,0,0.0
Oxfordshire County Council,2,0,0,2,100.0
North Middlesex University Hospital NHS Trust,2,2,0,0,0.0
HMP Wymott,2,2,0,0,0.0
HMP Wormwood Scrubs,2,1,0,1,50.0
HMP Rochester,2,1,0,1,50.0
Prisons and Probation Ombudsman,2,2,0,0,0.0
HMP Wandsworth,2,2,0,0,0.0
Intensive Care Society,2,1,0,1,50.0
HMP Swansea,2,1,0,1,50.0
Mid Cheshire Hospitals NHS Foundation Trust,2,2,0,0,0.0
HMP Stoke Heath,2,1,0,1,50.0
NHS 111,2,1,0,1,50.0
NHS Surrey Heartlands Integrated Care Board,2,2,0,0,0.0
International Academies of Emergency Dispatch,2,2,0,0,0.0
North Middlesex University Hospital,2,1,0,1,50.0
Lambton House Care Home,2,0,0,2,100.0
New Lodge Nursing Home,2,1,0,1,50.0
SubCPartner,2,2,0,0,0.0
Tesco PLC,2,2,0,0,0.0
Croft Shifa Health Centre,2,2,0,0,0.0
Tandridge District Council,2,2,0,0,0.0
Bayer Plc,2,2,0,0,0.0
Cyngor Gwynedd Council,2,0,0,2,100.0
Baycroft Care Homes,2,1,0,1,50.0
Bath and North East Somerset,2,2,0,0,0.0
Bath & North East Somerset Council,2,2,0,0,0.0
Barnet Enfield and Haringey Mental Health NHS Trust,2,0,0,2,100.0
Sutton Council,2,2,0,0,0.0
Denbighshire County Council,2,2,0,0,0.0
Barchester Healthcare,2,0,0,2,100.0
Balfour Beatty,2,1,0,1,50.0
Department for Digital Culture Media and Sport,2,1,0,1,50.0
Baedling Manor Care Home,2,0,0,2,100.0
BAE Systems,2,0,0,2,100.0
Sussex Partnership Foundation Trust,2,1,0,1,50.0
Association of Anaesthetists,2,0,1,1,50.0
Department of Health and Social Care and Greater Manchester Integrated Care,2,0,0,2,100.0
Derbyshire Community Health Services NHS Foundation Trust,2,2,0,0,0.0
Derbyshire Constabulary,2,1,0,1,50.0
Devon Local Medical Committee,2,2,0,0,0.0
Disclosure and Barring Service,2,1,0,1,50.0
Suffolk Safeguarding Partnership,2,1,0,1,50.0
Weston Area Health NHS Trust,2,2,0,0,0.0
Coventry and Warwickshire Integrated Care Board,2,2,0,0,0.0
Wandsworth Borough Council,2,2,0,0,0.0
Wakefield Council,2,1,0,1,50.0
Churchgate Surgery,2,2,0,0,0.0
Cardiff University,2,0,0,2,100.0
Cardiff Council,2,1,0,1,50.0
Central London Community Healthcare NHS Trust,2,1,0,1,50.0
Buckinghamshire,2,1,0,1,50.0
UK Kidney Association,2,2,0,0,0.0
The One Stockport Health and Care Board,2,1,0,1,50.0
British Standards Institution,2,0,0,2,100.0
British Marine,2,2,0,0,0.0
British Cycling,2,0,0,2,100.0
University of Exeter,2,0,0,2,100.0
The Newcastle Upon Tyne Hospitals NHS Foundation Trust,2,1,0,1,50.0
Bradford Council,2,1,0,1,50.0
Coventry & Warwickshire Partnership NHS Trust,2,2,0,0,0.0
City of London Police,2,0,0,2,100.0
Clarion Housing Group,2,0,0,2,100.0
Boots UK Limited,2,2,0,0,0.0
Clinical Commissioning Group and NHS England,2,2,0,0,0.0
Bondcare Limited,2,1,0,1,50.0
Cole Valley Care Limited,2,0,0,2,100.0
Various recipients – please see the report,2,1,0,1,50.0
Community Mental Health Team,2,1,0,1,50.0
Bluebird Care,2,1,0,1,50.0
Cornwall and Isles of Scilly Safeguarding Adults Board,2,2,0,0,0.0
Birmingham Community Healthcare NHS Foundation Trust,2,1,0,1,50.0
Dorset Integrated Care Board,2,0,0,2,100.0
Traffic Commissioners for Great Britain,2,1,0,1,50.0
Staffordshire and Stoke on Trent Integrated Care Board,2,1,0,1,50.0
Energy UK,2,1,1,0,0.0
Wirral University Teaching Hospital NHS Foundation Trust,2,1,0,1,50.0
South Yorkshire Police,2,1,0,1,50.0
Worcestershire County Council,2,2,0,0,0.0
East Suffolk and North Essex NHS Foundation Trust,2,1,0,1,50.0
Southampton City Council,2,2,0,0,0.0
East Sussex Healthcare NHS Trust,2,1,0,1,50.0
South Tees Hospitals NHS Foundation Trust,2,1,0,1,50.0
South West London Integrated Care Board,2,1,0,1,50.0
Yorkshire Water,2,2,0,0,0.0
Faculty of Intensive Care Medicine,2,0,0,2,100.0
Staffordshire Fire and Rescue Service,2,0,0,2,100.0
Southwark Council,2,0,0,2,100.0
ABTA – The Travel Association,2,1,0,1,50.0
Edmiston London Heliport,2,0,0,2,100.0
Southeastern Railway,2,1,0,1,50.0
Festival Republic,2,0,0,2,100.0
Ambulance Service NHS Trust,2,1,0,1,50.0
Unity MAT,1,1,0,0,0.0
Weymouth Street Hospital,1,0,0,1,100.0
United Response,1,1,0,0,0.0
Zelltec Limited,1,1,0,0,0.0
URBN UK Ltd,1,0,0,1,100.0
Newport City Council,1,1,0,0,0.0
UKHSA,1,0,1,0,0.0
P3 Charity,1,0,0,1,100.0
UK National Screening Committee,1,0,0,1,100.0
Zinnia Healthcare Limited,1,0,0,1,100.0
PCRSteel Ltd.,1,1,0,0,0.0
UPS,1,0,0,1,100.0
University of Birmingham,1,0,0,1,100.0
University Hospitals of Morecambe Bay NHS Foundation Trust,1,0,0,1,100.0
Orchard Care Homes,1,1,0,0,0.0
Upwell Street Surgery,1,1,0,0,0.0
Unusual Rigging Ltd,1,1,0,0,0.0
University of the Arts London,1,0,0,1,100.0
Ofstead,1,1,0,0,0.0
University of Wolverhampton,1,0,0,1,100.0
University of Warwick,1,0,0,1,100.0
Old Bridge Surgery,1,0,0,1,100.0
Your Housing,1,1,0,0,0.0
Youth Justice Board for England and Wales,1,0,0,1,100.0
Old Catton Medical Practice,1,0,0,1,100.0
University of Southampton,1,0,1,0,0.0
One Housing,1,0,0,1,100.0
University of South Wales,1,0,0,1,100.0
One Housing Group,1,1,0,0,0.0
Options for Care Ltd,1,0,0,1,100.0
UK Care Services,1,1,0,0,0.0
Orchard 2000 Pharmacy,1,0,0,1,100.0
UK Home Care,1,1,0,0,0.0
Park & Francis Surgery,1,0,0,1,100.0
PJ Care,1,1,0,0,0.0
Transitional Rehabilitation Unit LTD,1,0,0,1,100.0
Pembrokeshire County Council Hall,1,1,0,0,0.0
Treanor Pujol Limited,1,1,0,0,0.0
Travel Lodge,1,0,1,0,0.0
Transport for West Midlands,1,1,0,0,0.0
Transport Research Laboratory,1,1,0,0,0.0
Pentree Lodge Home,1,0,0,1,100.0
Persimmon Homes,1,0,0,1,100.0
Persona Care and Support Ltd,1,0,0,1,100.0
Pfizer,1,0,0,1,100.0
Newmarket Promotions Limited,1,0,0,1,100.0
and Collaborative Mobility UK,1,1,0,0,0.0
Trafford Crisis Resolution and Home Treatment Team,1,1,0,0,0.0
Philips Electronics UK Ltd,1,1,0,0,0.0
Phoenix Care Centre,1,0,0,1,100.0
Phuket Highway District,1,1,0,0,0.0
Planning and Building Safety,1,0,1,0,0.0
Plymouth City Council,1,1,0,0,0.0
Police Service of Northern Ireland,1,1,0,0,0.0
Pembrokeshire County Council,1,1,0,0,0.0
Pelham House,1,0,0,1,100.0
Peel Medical Practice,1,0,0,1,100.0
Peel Holdings,1,1,0,0,0.0
UK Active,1,1,0,0,0.0
POM-EKO,1,1,0,0,0.0
Tyne Housing Association,1,1,0,0,0.0
Park Holiday UK Limited,1,0,0,1,100.0
Parkhill Group of Companies,1,1,0,0,0.0
Parkview Practice,1,1,0,0,0.0
Patient Transport UK Ltd,1,1,0,0,0.0
Patrick Stead Hospital,1,1,0,0,0.0
Tynant Nursing Home,1,0,0,1,100.0
Twinglobe Care Homes Limited,1,0,0,1,100.0
Tunstall Response,1,0,0,1,100.0
Tricuro,1,0,0,1,100.0
Trent and Dove Social Housing,1,1,0,0,0.0
Paul Wainwright Construction Services Ltd,1,0,0,1,100.0
Treatment Direct Limited,1,1,0,0,0.0
Peabody Trust,1,0,0,1,100.0
Peak Valley Housing Association,1,0,0,1,100.0
Oasis Recovery Communites,1,1,0,0,0.0
Next Stage,1,0,0,1,100.0
Oaks Medical Centre,1,1,0,0,0.0
Weightmans’s Solicitors,1,1,0,0,0.0
North Wales Police,1,0,0,1,100.0
Wilsden Medical Practice,1,0,0,1,100.0
North Central London Integrated Care System,1,1,0,0,0.0
Wellsky,1,1,0,0,0.0
Wells Road Surgery,1,0,0,1,100.0
Winchmore Hill Practice,1,1,0,0,0.0
Wells Pharmacy,1,1,0,0,0.0
North West Fire Control,1,1,0,0,0.0
Weightmans LLP,1,1,0,0,0.0
Oakridge House Residential Home,1,1,0,0,0.0
Windmill House Care Home,1,0,0,1,100.0
North Yorkshire Police,1,0,0,1,100.0
Northampton General Hospital NHS Trust,1,1,0,0,0.0
We Are With You charity,1,0,0,1,100.0
Northamptonshire County Council,1,1,0,0,0.0
Wood Street Medical Centre,1,1,0,0,0.0
Northamptonshire Healthcare NHS Foundation Trust,1,1,0,0,0.0
Northamptonshire Police,1,0,0,1,100.0
Welsh Cycling,1,1,0,0,0.0
West Midlands Bus,1,0,0,1,100.0
William Perkin High School,1,1,0,0,0.0
West Midlands Combined Authority,1,1,0,0,0.0
Westmorland and Furness Council,1,1,0,0,0.0
North East London Health and Care Partnership,1,1,0,0,0.0
North Devon County Council,1,1,0,0,0.0
North East London Integrated Care Board,1,1,0,0,0.0
Westlands Care Home,1,0,0,1,100.0
Whirlpool UK,1,0,0,1,100.0
North Laine Medical Centre,1,1,0,0,0.0
West Yorkshire Heath and Care Partnership,1,1,0,0,0.0
West Yorkshire Fire and Rescue Service,1,1,0,0,0.0
White Branch Live Limited,1,1,0,0,0.0
Whitelock Development,1,0,0,1,100.0
Whitepost healthcare Group,1,1,0,0,0.0
West Timperley Medical Centre,1,0,0,1,100.0
West Quay Surgery,1,0,0,1,100.0
Wibsey and Queensbury Medical Practice,1,1,0,0,0.0
Widnes Hall Care Home,1,1,0,0,0.0
West Midlands Fire Service,1,1,0,0,0.0
North & Mid Wales Trunk Road Agency,1,0,0,1,100.0
Woodley Centre Surgery,1,0,0,1,100.0
Wayland Farms Limited,1,0,0,1,100.0
WISH,1,1,0,0,0.0
W E Rawson Ltd,1,0,0,1,100.0
Village Nursing and Care Home,1,1,0,0,0.0
Vascular Access Society of Britain and Ireland,1,1,0,0,0.0
Wyre Clinical Commissioning Groups,1,0,0,1,100.0
Yorkshire Care Equipment,1,1,0,0,0.0
Niche Technology,1,0,0,1,100.0
Nottinghamshire Safeguarding Children Partnership,1,1,0,0,0.0
Vantage Drilling Company,1,0,0,1,100.0
Vale of Glamorgan Council,1,0,0,1,100.0
Urgent Health UK,1,0,0,1,100.0
Nuffield Road Medical Centre,1,1,0,0,0.0
Nuneaton,1,1,0,0,0.0
Your Health Limited,1,0,0,1,100.0
Nuttall Ltd,1,0,0,1,100.0
Wexham Park Hospital Trust,1,0,0,1,100.0
ORCi,1,0,0,1,100.0
Oadby and Wigston Borough Council,1,1,0,0,0.0
W M Morrisons PLC,1,0,0,1,100.0
Nottingham Police,1,1,0,0,0.0
Waveney River Centre,1,0,0,1,100.0
Nottingham City Council,1,0,0,1,100.0
Northern Care Limited,1,1,0,0,0.0
Northern Health and Social Care Trust,1,0,0,1,100.0
Normanton Village View Nursing Home,1,1,0,0,0.0
Waveney Clinical Commissioning Group,1,0,0,1,100.0
Norfolk and Waveney Integrated Care System,1,0,0,1,100.0
Waste Industry Safety & Health Forum,1,0,0,1,100.0
Warwickshire Police,1,0,0,1,100.0
Wanstead Place Surgery,1,1,0,0,0.0
Woolwich Station Medical Centre,1,1,0,0,0.0
Toxbase,1,0,0,1,100.0
Northfields Surgery,1,1,0,0,0.0
Worthing Homes,1,1,0,0,0.0
Nightingale Hospital,1,0,0,1,100.0
Wychall Lane Surgery,1,0,0,1,100.0
Northumbria Water,1,1,0,0,0.0
Norwich Practices Health Centre,1,0,0,1,100.0
Wychavon District Council,1,0,0,1,100.0
Wandsworth Drug & Alcohol Service,1,1,0,0,0.0
South London Islamic Centre,1,1,0,0,0.0
Totally PLC,1,1,0,0,0.0
Sapphire House,1,1,0,0,0.0
Rushcliffe Care,1,1,0,0,0.0
Swindon and Wiltshire Integrated Care Board,1,1,0,0,0.0
Swanage Medical Practice,1,0,0,1,100.0
Sutton Local Safeguarding Children’s Board,1,1,0,0,0.0
S & J Transport,1,1,0,0,0.0
S C Johnson & Son,1,0,0,1,100.0
SE Galvanisers,1,1,0,0,0.0
SGN,1,1,0,0,0.0
SMA Medical Practice,1,1,0,0,0.0
Safeguarding Adults Board,1,1,0,0,0.0
Sustrans,1,0,0,1,100.0
Safehands Ltd,1,1,0,0,0.0
Safety Assessment Federation,1,1,0,0,0.0
Saffronland Homes limited,1,1,0,0,0.0
Sainsbury's,1,1,0,0,0.0
Sainsbury’s,1,1,0,0,0.0
Sussex Health & Care Integrated Care Board,1,1,0,0,0.0
Salford City Council,1,0,0,1,100.0
Sussex Community NHS Foundation Trust,1,0,0,1,100.0
Sandwell Highways,1,0,1,0,0.0
Sussex Clinical Commissioning Groups,1,0,0,1,100.0
Rush Green Medical Centre,1,1,0,0,0.0
Rugby Football Union,1,0,0,1,100.0
Swiss Cottage Special School,1,0,0,1,100.0
Templemore Care Home,1,1,0,0,0.0
The All Party Parliamentary Gas Safety Group,1,1,0,0,0.0
The Alexandra Court Care Home,1,0,0,1,100.0
Thames Water,1,0,0,1,100.0
Royal Docks Medical Practice,1,1,0,0,0.0
Royal Institute of British Architects,1,1,0,0,0.0
Royal Life Saving Society UK,1,0,0,1,100.0
Teva UK Ltd,1,0,0,1,100.0
Tettenhall Medical Practice,1,0,0,1,100.0
Tendring District Council,1,1,0,0,0.0
Royal National Orthopaedic Hospital NHS Trust,1,0,0,1,100.0
Rt Hon Victoria Atkins,1,0,1,0,0.0
Tanglewood Cloverleaf Care Home,1,0,0,1,100.0
Tameside and Glossop Integrated Care NHS Foundation Trust and NHS England,1,1,0,0,0.0
Taff's Well Medical Centre,1,0,0,1,100.0
Tadworth Grove Care Home,1,1,0,0,0.0
TPP LTD,1,1,0,0,0.0
TLC Nursing and Care,1,0,0,1,100.0
SystemOne TPP Ltd,1,1,0,0,0.0
Sydenham Green Group General Practice,1,1,0,0,0.0
Royton & Crompton Family Practice,1,1,0,0,0.0
Surrey Clinical Commissioning Group,1,1,0,0,0.0
Sapphire Independent Living,1,0,1,0,0.0
Torbay and South Devon NHS Foundation Trust,1,0,0,1,100.0
Sunnyside Nursing Home,1,0,0,1,100.0
St Giles Care Home,1,1,0,0,0.0
St Chads Medical Practice,1,1,0,0,0.0
Shropshire Community Health NHS Trust,1,0,0,1,100.0
Shropshire Safeguarding Community Partnership,1,1,0,0,0.0
Silver Birches Care Home,1,0,0,1,100.0
Springfield Health Care Services,1,1,0,0,0.0
Sixth Form Colleges Association,1,1,0,0,0.0
Sports Camp Tirol,1,0,0,1,100.0
Sphere Risk & Safety Management Ltd,1,1,0,0,0.0
Skills for Care,1,0,1,0,0.0
Skillsforcare,1,1,0,0,0.0
Spectrum Community Health,1,1,0,0,0.0
Specsavers UK,1,0,0,1,100.0
Sodexo,1,0,1,0,0.0
South Yorkshire and Bassetlaw Integrated Care Board,1,1,0,0,0.0
South Yorkshire & Bassettlaw Integrated Care System,1,0,0,1,100.0
Newbury Park Health Centre,1,1,0,0,0.0
South Wales Trunk Road Agent,1,1,0,0,0.0
South Wales Fire and Rescue Service,1,0,0,1,100.0
South Tyneside Council,1,0,0,1,100.0
South East England Fire and Rescue Service,1,1,0,0,0.0
St Giles Nursing Home,1,0,0,1,100.0
St John’s College,1,1,0,0,0.0
Shindig Events Limited,1,1,0,0,0.0
Stonefield Street Surgery,1,0,0,1,100.0
Scania,1,1,0,0,0.0
Scottish Cycling,1,1,0,0,0.0
Seaton and Colyton Medical Practice,1,0,0,1,100.0
Secret Intelligence Service,1,1,0,0,0.0
Secretary of State for Department of Health and Social Care,1,0,1,0,0.0
Stroke,1,1,0,0,0.0
Select Healthcare,1,1,0,0,0.0
Stretton Medical Centre,1,1,0,0,0.0
Stoneham Bass,1,0,0,1,100.0
Stone Federation of GB,1,1,0,0,0.0
St Lukes Primary Care Centre,1,1,0,0,0.0
Stoke on Trent City Council,1,0,0,1,100.0
Stockport Metropolitan Borough Council,1,1,0,0,0.0
Shaw Healthcare,1,0,0,1,100.0
Shawe Lodge,1,0,0,1,100.0
StockXS Limited,1,1,0,0,0.0
Stamford Quarter Shopping Centre,1,1,0,0,0.0
Sheffield Clinical Commissioning Group,1,0,0,1,100.0
Shepherds Bush Medical Centre,1,1,0,0,0.0
Sherwood Forest Hospitals,1,1,0,0,0.0
The Association of British Insurers,1,1,0,0,0.0
The Association of Chief Fire Officers,1,1,0,0,0.0
The Avenues Trust Group,1,1,0,0,0.0
The Beaufort Road Surgery,1,0,0,1,100.0
The Spindles Town Square Shopping Centre,1,1,0,0,0.0
The Showmen’s Guild of Great Britain,1,0,0,1,100.0
RPAS,1,0,1,0,0.0
Radcliffe Investment Properties,1,0,0,1,100.0
Radcliffe Manor House Care Home,1,1,0,0,0.0
The Security Service,1,1,0,0,0.0
The Scout Association,1,1,0,0,0.0
Ramblegard Ltd,1,1,0,0,0.0
Ramsay Healthcare UK,1,1,0,0,0.0
The Samaritans,1,1,0,0,0.0
Red House Surgery,1,0,0,1,100.0
Redbridge Clinical Commissioning Group,1,0,0,1,100.0
Redbridge Council,1,1,0,0,0.0
Regard Care,1,1,0,0,0.0
Regenesis Health Travel Limited,1,0,0,1,100.0
The Roundwood Medical Centre,1,1,0,0,0.0
Reinbek Care Home,1,0,0,1,100.0
The Registered Nursing Home Association,1,0,0,1,100.0
The Range UK,1,0,0,1,100.0
The Pipeline Industries Guild,1,0,1,0,0.0
The Pennine Acute Trust,1,0,0,1,100.0
RCI,1,1,0,0,0.0
The Village Medical Centre,1,1,0,0,0.0
Queen Victoria Hospital NHS Foundation Trust,1,1,0,0,0.0
Thornton and Ross Ltd,1,1,0,0,0.0
Portsmouth Motocross Club,1,0,0,1,100.0
Tonic Construction Ltd,1,1,0,0,0.0
Together Housing,1,1,0,0,0.0
Titan Containers Limited,1,1,0,0,0.0
Premier Rescue Ambulance Services,1,0,0,1,100.0
Prime Life Limited,1,1,0,0,0.0
Timperley Care Home,1,1,0,0,0.0
Three Sisters Care Ltd,1,1,0,0,0.0
Primebulk Shipmanagement Limited,1,1,0,0,0.0
Priority Dispatch Corp UK Ltd,1,1,0,0,0.0
Queen Elizabeth Hospital King’s Lynn NHS Foundation Trust,1,0,0,1,100.0
Prism Medical UK Ltd,1,1,0,0,0.0
Thornton Heath Medical Practice,1,1,0,0,0.0
Thomas Cook,1,0,0,1,100.0
Prison and Probation Service,1,0,0,1,100.0
The Waterfield Practice,1,1,0,0,0.0
The Wallich Centre,1,0,0,1,100.0
Professional Trades Union for Prison Correctional and Secure Psychiatric Workers,1,1,0,0,0.0
South East London Integrated Care Board,1,0,0,1,100.0
Quarry House,1,1,0,0,0.0
Risedale Estates Limited,1,1,0,0,0.0
Ritchie Street Group Practice,1,0,0,1,100.0
The Peligoni Club,1,1,0,0,0.0
The Droylsden Road Family GP Practice,1,0,0,1,100.0
Roundhouse,1,1,0,0,0.0
The Lakes Care Centre,1,0,0,1,100.0
The Ivy Grove Surgery,1,1,0,0,0.0
Royal Borough of Kensington and Chelsea,1,0,0,1,100.0
The Grange Care Centre,1,0,0,1,100.0
Royal College Emergency Medicine,1,1,0,0,0.0
The Glass and Glazing Federation,1,1,0,0,0.0
The Financial Conduct Authority,1,0,0,1,100.0
The Duchy of Cornwall,1,1,0,0,0.0
The Difficult Airway Society,1,0,0,1,100.0
Rotherham NHS Foundation Trust,1,0,0,1,100.0
The Crossings Hostel Hull,1,1,0,0,0.0
The Cotswold Hunt,1,0,0,1,100.0
The Church Inn Robinsons Brewery,1,1,0,0,0.0
The Caravan Club,1,0,0,1,100.0
Royal College of Obstetricians and Gynaecologists and NHS England,1,1,0,0,0.0
The British Obesity and Metabolic Surgery Society,1,1,0,0,0.0
The Borchardt Medical Centre,1,1,0,0,0.0
The Black Country Family Practice,1,1,0,0,0.0
The Bexley Medical Group,1,0,0,1,100.0
The Limehouse Practice,1,0,0,1,100.0
Rotherham Metropolitan Borough Council,1,0,0,1,100.0
Riverside Rest Home,1,1,0,0,0.0
Rose Builders and Contractors Ltd,1,1,0,0,0.0
The Oaks and Woodcroft Care Home,1,0,0,1,100.0
Rochcare,1,0,0,1,100.0
Rochdale Adult Care,1,1,0,0,0.0
Rochdale Borough Council,1,0,0,1,100.0
Roche Diagnostics Limited,1,0,0,1,100.0
Rocky Lane Medical Centre,1,1,0,0,0.0
Roman Catholic Church of England and Wales,1,0,0,1,100.0
Rookery Medical Centre,1,1,0,0,0.0
Rope Green Medical Centre,1,1,0,0,0.0
Roseberry Care Centres,1,0,0,1,100.0
The Limes Sheltered Housing,1,0,0,1,100.0
Rosedale Care Home,1,0,0,1,100.0
Rosedale Surgery Lowestoft,1,0,1,0,0.0
Rosehill House Care Home,1,1,0,0,0.0
Roseland Care Home,1,1,0,0,0.0
Rosewood Healthcare Group,1,0,0,1,100.0
Rosewood Lodge Nursing Home,1,0,0,1,100.0
Rossendale Nursing Home,1,0,0,1,100.0
Rossmere Park Care Home,1,1,0,0,0.0
The Moat Surgery,1,0,0,1,100.0
Proprietary Association,1,1,0,0,0.0
3D Trans,1,1,0,0,0.0
Newark and Sherwood District Council,1,1,0,0,0.0
Collingwood Nursing Home,1,1,0,0,0.0
Construction Plant Hire Association,1,1,0,0,0.0
Connaught House Care Home,1,0,1,0,0.0
Compton Lodge Care Home,1,0,0,1,100.0
Commonwealth and Development Office,1,0,0,1,100.0
Commercial Health and Safety Regulator,1,1,0,0,0.0
Comfort Call Limited,1,0,0,1,100.0
College of Policing and Metropolitan Police,1,1,0,0,0.0
Clatterbridge Cancer Centre,1,0,1,0,0.0
Coed Duon Care Home,1,0,0,1,100.0
Coal Authority,1,0,1,0,0.0
Clinisys UK,1,1,0,0,0.0
Clifton Court Nursing Home,1,0,0,1,100.0
Clevermed Limited,1,0,0,1,100.0
Clevedon Medical Centre,1,1,0,0,0.0
Consultant Physician and Gastroenterologists,1,1,0,0,0.0
Consumer Relations and Legal Affairs,1,1,0,0,0.0
Conwy County Council,1,1,0,0,0.0
Coombe Dingle Nursing Home,1,1,0,0,0.0
Cornishway Group Practice,1,0,0,1,100.0
Cosmetic Toiletry and Perfume Association,1,1,0,0,0.0
Countess of Chester Hospital NHS Foundation Trust,1,1,0,0,0.0
Countrywide Care Homes,1,1,0,0,0.0
Coventry University,1,0,0,1,100.0
Cowes Week Limited,1,0,0,1,100.0
Coxbench Hall Residential Home,1,0,0,1,100.0
Creative Support Limited,1,1,0,0,0.0
Cricket Green Medical Practice,1,0,0,1,100.0
Crossroads House Care Home,1,0,0,1,100.0
Crown Care,1,1,0,0,0.0
Croydon Council,1,1,0,0,0.0
Cruise and Maritime Services International Limited,1,0,0,1,100.0
Cleric Computer Services,1,0,0,1,100.0
Clacton Community Practices,1,0,0,1,100.0
Cuerden care Homes,1,1,0,0,0.0
Carmarthenshire County Council County Hall,1,1,0,0,0.0
Central Surgery,1,0,0,1,100.0
Central England Co-operative,1,1,0,0,0.0
Cegedim,1,1,0,0,0.0
Cedar Care Home,1,1,0,0,0.0
Catholic Standards Safeguarding Agency,1,0,0,1,100.0
Caterlink,1,1,0,0,0.0
Carlton House Rest Home,1,1,0,0,0.0
City of Doncaster Council,1,0,0,1,100.0
Carlsberg Supply Co Ltd,1,0,0,1,100.0
Caring Homes Healthcare Group Limited,1,1,0,0,0.0
Carillion,1,0,0,1,100.0
Careworld London Limited,1,0,0,1,100.0
Carewatch,1,1,0,0,0.0
Care Outlook Ltd,1,0,0,1,100.0
Charing Healthcare,1,0,0,1,100.0
Chartered Institution of Wastes Management,1,0,0,1,100.0
Chemical Business Association,1,1,0,0,0.0
Cherish Home Care,1,0,0,1,100.0
Cherry Orchard Nursing Home,1,1,0,0,0.0
Cheshire Fire and Rescue Service,1,1,0,0,0.0
Chief Executive James Paget University Hospitals NHS Trust,1,0,1,0,0.0
Chief Executive NHS England,1,0,1,0,0.0
Chief Executive Officer of Peabody,1,0,1,0,0.0
Children and Family Court Advisory and Support Service,1,1,0,0,0.0
Chilton Care Centre,1,1,0,0,0.0
Choice Support,1,1,0,0,0.0
Christian Congregation of Jehova’s Witnesses,1,0,0,1,100.0
Church Lane Surgery,1,0,0,1,100.0
Church of England,1,0,0,1,100.0
Churchers Solicitors,1,1,0,0,0.0
City and County Healthcare Group,1,1,0,0,0.0
Crystal Care Limited,1,1,0,0,0.0
Cumberland Council,1,0,0,1,100.0
First Aid Cover Limited,1,1,0,0,0.0
Eldercare,1,1,0,0,0.0
Emral House Nursery Home,1,1,0,0,0.0
Emirates Airlines,1,1,0,0,0.0
Elysium Healthcare,1,0,1,0,0.0
Elvy Court Nursing Home,1,0,0,1,100.0
Elmbridge Borough Council,1,1,0,0,0.0
Elm Tree Court Care Home,1,1,0,0,0.0
Egg London Nightclub,1,1,0,0,0.0
EKO-INVEST,1,1,0,0,0.0
Edgeley Medical Centre,1,0,0,1,100.0
Edgehill Care Home,1,1,0,0,0.0
Eden Park Surgery,1,1,0,0,0.0
Eastgate Residential Care Homes,1,0,0,1,100.0
East Suffolk Council,1,0,1,0,0.0
Each Step Nursing Home,1,0,0,1,100.0
Emsworth Surgery,1,0,0,1,100.0
Endless Street Surgery,1,0,0,1,100.0
England Boxing,1,0,0,1,100.0
English Ice Hockey,1,1,0,0,0.0
Environment Agency,1,0,0,1,100.0
Environmental Services Associations,1,0,0,1,100.0
Epsom Ewell Borough Council,1,1,0,0,0.0
Essex Community Rehabilitation Company,1,1,0,0,0.0
European Care group,1,0,0,1,100.0
Excel Care,1,1,0,0,0.0
FA Group,1,1,0,0,0.0
Fairfield View Care Centre,1,0,0,1,100.0
Farnham Medical Centre,1,1,0,0,0.0
Federation of Piling Specialists,1,1,0,0,0.0
Fell Runners Association,1,1,0,0,0.0
Fern House Surgery,1,1,0,0,0.0
Fernlea Nursing Home,1,0,0,1,100.0
EURO-EKO,1,1,0,0,0.0
EAM Care Group,1,0,0,1,100.0
Cumbria Constabulary,1,1,0,0,0.0
Dartford and Gravesend NHS Trust,1,1,0,0,0.0
Department for Information Management,1,1,0,0,0.0
Department for Home Home,1,1,0,0,0.0
Denton Medical Centre,1,1,0,0,0.0
Delamere Medical Practice,1,0,0,1,100.0
David Ake & Co Solicitors,1,0,0,1,100.0
Darwin medical Practice,1,1,0,0,0.0
Dalmeny Hotel,1,0,0,1,100.0
Dyfed Powys Police,1,1,0,0,0.0
Dairy Lane Care Centre,1,1,0,0,0.0
DHL Supply Chain UKI,1,0,0,1,100.0
DAF Trucks Ltd,1,0,0,1,100.0
Cyngor Sir Ceredigion County Council,1,0,0,1,100.0
Cyngor Bwrdeistref Sirol Pen y Bont ar Ogwr,1,0,0,1,100.0
Cygnet Health Care,1,1,0,0,0.0
Department for Science,1,0,1,0,0.0
Department for Transport and Road & Rail,1,1,0,0,0.0
Department of Health and Social Care and Birmingham and Solihull Mental Health Foundation Trust,1,1,0,0,0.0
Depaul UK,1,0,0,1,100.0
Derwent Students,1,0,0,1,100.0
Digsafe Suction Excavations Limited,1,1,0,0,0.0
Dinnington Group Practice,1,1,0,0,0.0
Diocese of Westminster,1,1,0,0,0.0
Direct Line Insurance,1,1,0,0,0.0
Dispensing Doctors Association,1,1,0,0,0.0
Divine Health Services,1,1,0,0,0.0
Doncaster Council,1,0,0,1,100.0
Donneybrook Medical Centre,1,0,0,1,100.0
Dorset County Hospital NHS Foundation Trust,1,0,0,1,100.0
Downham Grange Care Home,1,0,0,1,100.0
Drager,1,0,0,1,100.0
Drayton Manor Theme Park,1,1,0,0,0.0
Care Inspectorate Wales,1,1,0,0,0.0
Care Inn Limited,1,1,0,0,0.0
Care First Homes,1,1,0,0,0.0
Arboricultural Association,1,0,0,1,100.0
Ashford Borough Council,1,1,0,0,0.0
Ashfield Surgery Sutton Coldfield,1,1,0,0,0.0
Army Headquarters,1,0,0,1,100.0
Arjo Huntliegh,1,1,0,0,0.0
Area Transport and Highways,1,0,1,0,0.0
Arden Court Nursing Home,1,0,0,1,100.0
Aran Court Care Centre,1,0,0,1,100.0
Amazon,1,0,1,0,0.0
Apple,1,1,0,0,0.0
Antron Manor Care Home,1,0,0,1,100.0
Anglian Community Enterprise,1,1,0,0,0.0
Amgen,1,1,0,0,0.0
Amey PLC,1,1,0,0,0.0
Amberley Hall Care Home,1,1,0,0,0.0
Ashgate House Nursing Home,1,1,0,0,0.0
Ashley Gardens Care Centre,1,1,0,0,0.0
Association of Conservative Clubs,1,1,0,0,0.0
Athena Care Homes (UK) Limited,1,1,0,0,0.0
Atrumed Ltd,1,1,0,0,0.0
Audlem Medical Practice,1,0,0,1,100.0
Avenue House Nursing and Care Home,1,1,0,0,0.0
Avery Healthcare,1,1,0,0,0.0
Avon Care Home Limited,1,0,0,1,100.0
Avon Fire and Rescue Services,1,1,0,0,0.0
B & D Civil Engineering Limited,1,0,0,1,100.0
Bailey Trailers Ltd,1,0,0,1,100.0
Bampton Surgery,1,0,0,1,100.0
Bannatyne Group,1,0,0,1,100.0
Barchester Homes,1,0,0,1,100.0
Barnet London Borough Council,1,0,0,1,100.0
Bateman Engineering Ltd,1,0,0,1,100.0
Ambassador House Care Home,1,0,0,1,100.0
Alvaston Medical Centre,1,0,0,1,100.0
Care First Class UK Limited,1,0,0,1,100.0
Abbeydale Residential Home,1,0,0,1,100.0
Adams Pharmacy,1,1,0,0,0.0
Acorn Lodge Care Home,1,1,0,0,0.0
Acis Housing,1,0,0,1,100.0
Able Care and Support Services Ltd,1,0,0,1,100.0
Abbotsbury Residential Care Home,1,1,0,0,0.0
Abbeyfield The Dales,1,0,0,1,100.0
Abbey Wood Lodge Care Home,1,1,0,0,0.0
Alliance Pharmaceuticals,1,0,0,1,100.0
Abbey Court Independent Hospital,1,1,0,0,0.0
AR1 Homecare Limited,1,0,0,1,100.0
AGD Equipment Limited,1,1,0,0,0.0
ADS Addiction Dependency Solutions,1,0,0,1,100.0
ADL PLC,1,1,0,0,0.0
A2Dominion of The Point,1,0,0,1,100.0
Adbolton Hall Nursing Home,1,0,0,1,100.0
Addaction,1,0,0,1,100.0
Addcounsel,1,0,0,1,100.0
Adelaide Medical Centre,1,0,0,1,100.0
Aden Nursing Home,1,0,0,1,100.0
Adferiad Recovery,1,1,0,0,0.0
Adullam Homes Housing Association,1,1,0,0,0.0
Adult and Local Services Cumbria County County,1,1,0,0,0.0
Advanced Health & Care Ltd,1,1,0,0,0.0
Advinia Healthcare Ltd,1,1,0,0,0.0
Agrade Community Care Services,1,1,0,0,0.0
Air Balloon Surgery,1,0,0,1,100.0
Airedale NHS Foundation Trust,1,1,0,0,0.0
Al Hijrah School,1,0,0,1,100.0
Alexander Court Care Central,1,0,0,1,100.0
Alexandra Palace,1,0,0,1,100.0
Alexandra View Care Home,1,0,0,1,100.0
Bausch & Lomb UK Ltd,1,1,0,0,0.0
Beatson Clark,1,1,0,0,0.0
Bedford Borough Council,1,0,0,1,100.0
British Skydiving,1,0,0,1,100.0
Broadlane View Care Home,1,0,0,1,100.0
Broadgate General Practice,1,1,0,0,0.0
British Vehicle Rental and Leasing Association,1,1,0,0,0.0
British Transplantation Society,1,1,0,0,0.0
British Sub Aqua Club,1,1,0,0,0.0
British Society of Interventional Radiology,1,1,0,0,0.0
British Mountaineering Council,1,0,0,1,100.0
Beech Cliffe Grange Care Homes,1,0,0,1,100.0
British Maternal and Fetal Medicine Society,1,1,0,0,0.0
British Kitesurfing Association,1,0,0,1,100.0
British Heart Foundation,1,0,0,1,100.0
British Hang Gliding and Paragliding Association,1,0,0,1,100.0
British Gliding Association,1,0,0,1,100.0
British Drilling Association,1,0,1,0,0.0
Brunswick Retirement Village,1,1,0,0,0.0
Bucher Municipal Ltd,1,0,0,1,100.0
Buckinghamshire Council,1,0,0,1,100.0
Buckinghamshire Oxfordshire & West Berkshire Integrated Care Board,1,1,0,0,0.0
Bureau Veritas UK Ltd,1,1,0,0,0.0
Burton Croft Surgery,1,0,0,1,100.0
Burton Hospitals NHS Foundation Trust,1,1,0,0,0.0
Bute House Surgery,1,1,0,0,0.0
Byron Hamburgers,1,1,0,0,0.0
CLIFTON SUSPENSION BRIDGE TRUST,1,0,0,1,100.0
CLS Care Services,1,0,0,1,100.0
CMF Limited,1,0,0,1,100.0
Cabinet Office,1,0,1,0,0.0
Cadent Gas Ltd,1,1,0,0,0.0
Cambridgeshire Constabulary,1,1,0,0,0.0
Camino Healthcare,1,0,0,1,100.0
Canary Wharf Group PLC,1,0,0,1,100.0
British Cardiovascular Intervention Society,1,1,0,0,0.0
British Board of Agreement,1,0,0,1,100.0
British Association of Dermatologists,1,1,0,0,0.0
Bloomfield Medical Centre,1,1,0,0,0.0
Beech Dene Residential Home,1,1,0,0,0.0
Beechdale Medical Group,1,1,0,0,0.0
Beechwood Lodge Care Home,1,0,0,1,100.0
Beeston Health Centre,1,1,0,0,0.0
Beko Plc,1,1,0,0,0.0
Belgravia Care Home Ltd,1,0,0,1,100.0
Belong Village,1,0,0,1,100.0
Berkeley Home Health,1,0,0,1,100.0
Betfair,1,0,0,1,100.0
Birmingham and Solihull Mental Health NHS Trust and Birmingham City Council,1,1,0,0,0.0
Blackpool Council,1,0,0,1,100.0
Blaenau Gwent CBC,1,0,0,1,100.0
Blatchington Mill School,1,1,0,0,0.0
Blenheim House Care Home,1,0,0,1,100.0
Boatfolk Marinas ltd,1,0,1,0,0.0
British Association Perinatal Medicine,1,1,0,0,0.0
Bodmin Road Health Centre,1,0,0,1,100.0
Boehringer Ingelheim Limited,1,0,0,1,100.0
Boldmere Court Care Home,1,1,0,0,0.0
Bounce Till I Die Events,1,1,0,0,0.0
Bourne House,1,1,0,0,0.0
Bournemouth Christchurch and Poole Council,1,0,0,1,100.0
Bowden Derra Park Ltd,1,0,0,1,100.0
Brace Street Health Centre,1,0,0,1,100.0
Bradford District Care NHS Foundation Trust,1,0,0,1,100.0
Bradford Teaching Hospitals NHS Foundation Trust,1,0,0,1,100.0
Brancaster Care,1,0,0,1,100.0
Brisdoc,1,1,0,0,0.0
Bristol North Somerset and South Gloucestershire Integrated Care Board,1,1,0,0,0.0
"Bristol, North Somerset and South Gloucestershire Integrated Care Board",1,1,0,0,0.0
Fire Officers Association,1,0,0,1,100.0
First Class Care,1,0,0,1,100.0
New Court Surgery,1,0,0,1,100.0
999 112 Liaison Committee,1,1,0,0,0.0
Lean on Me Care Agency,1,0,0,1,100.0
Langley Health Centre,1,1,0,0,0.0
Langford Centre,1,0,0,1,100.0
Landsec,1,0,0,1,100.0
Lands End Resort,1,1,0,0,0.0
Lancs & Cumbria Lifts UK Ltd,1,1,0,0,0.0
Lakeview Care Home,1,1,0,0,0.0
Kirby Road Surgery,1,0,1,0,0.0
Laing O’Rourke UK & Europe,1,0,0,1,100.0
LTE Group,1,1,0,0,0.0
LNER,1,0,0,1,100.0
LEC Refrigeration,1,1,0,0,0.0
L&Q Group Housing,1,0,0,1,100.0
Kockey Road Medical Centre,1,0,0,1,100.0
Leeds Martial Arts College,1,1,0,0,0.0
Leek Health Centre,1,1,0,0,0.0
Leonard Cheshire,1,0,0,1,100.0
Lifeshield Medical Services Limited,1,0,0,1,100.0
Lime Tree Surgery,1,0,0,1,100.0
Lincolnshire Community Health Service NHS Trust,1,0,0,1,100.0
Lincs Firwood Co Ltd,1,0,0,1,100.0
Linden House Surgery,1,1,0,0,0.0
Lisson Grove Health Centre,1,1,0,0,0.0
Lister House Oakwood,1,0,0,1,100.0
Litch Care for Action,1,1,0,0,0.0
Liverpool Womens Hospital,1,0,0,1,100.0
Livewell Southwest,1,0,0,1,100.0
Locala,1,0,0,1,100.0
Lockfield Surgery,1,1,0,0,0.0
Lodge Road Surgery,1,1,0,0,0.0
London Central and West,1,1,0,0,0.0
Knowle House Surgery,1,1,0,0,0.0
Kingston Hospital NHS Foundation Trust,1,1,0,0,0.0
Long Furlong Medical Centre,1,1,0,0,0.0
Inmind Healthcare Group,1,0,0,1,100.0
Interweave,1,0,0,1,100.0
International Maritime Organisation,1,1,0,0,0.0
Insure and Co,1,1,0,0,0.0
Institution of Gas Engineers & Managers,1,1,0,0,0.0
Instastop Ltd,1,0,0,1,100.0
Innovation and Technology,1,0,1,0,0.0
Informa Healthcare,1,1,0,0,0.0
King's Road Medical Centre,1,1,0,0,0.0
Independent Monitoring Board,1,0,0,1,100.0
Independence Homes Limited,1,0,0,1,100.0
Incarace,1,0,0,1,100.0
Improving Access to Psychological Therapies,1,1,0,0,0.0
Impact Housing Association,1,0,0,1,100.0
Ilkley Town Council,1,0,1,0,0.0
Ipswich and East Suffolk Clinical Commissioning Group,1,0,0,1,100.0
Islands Roads,1,0,0,1,100.0
JD Wetherspoon PLC,1,0,0,1,100.0
JV Ltd,1,0,0,1,100.0
James Cook University Hospital,1,0,1,0,0.0
Jesta Capital Corporation,1,1,0,0,0.0
Jet2.com Ltd,1,0,0,1,100.0
Johnnie Johnson Housing,1,0,0,1,100.0
Johnson & Johnson,1,1,0,0,0.0
Joseph Holt Brewery,1,1,0,0,0.0
Jubilee Court Nursing Home,1,1,0,0,0.0
Jubilee Gardens Care Centre,1,0,0,1,100.0
Jurys Inn Birmingham,1,1,0,0,0.0
Kendal Calling,1,0,0,1,100.0
Kennedy Wilson Europe,1,1,0,0,0.0
Kent and Medway Cancer Collaborative,1,1,0,0,0.0
Kindandental,1,0,0,1,100.0
London Northwestern Railway,1,0,0,1,100.0
Low Moor Medical Practice,1,0,0,1,100.0
First Response Group,1,1,0,0,0.0
Millbrook Healthcare Limited,1,1,0,0,0.0
My The Orchards Ltd,1,1,0,0,0.0
My Care Ltd,1,1,0,0,0.0
Motorsport UK,1,1,0,0,0.0
Motor Cross Federation,1,0,0,1,100.0
Morton Hall Immigration Removal Centre,1,1,0,0,0.0
Moorfields Eye Hospital NHS Foundation Trust,1,0,0,1,100.0
Mill View Nursing Home,1,1,0,0,0.0
Mid Yorkshire Teaching NHS Trust,1,0,0,1,100.0
Military Aviation Authority,1,1,0,0,0.0
Milford House Care Home,1,1,0,0,0.0
Milestones Trust,1,1,0,0,0.0
Midlands and Lancashire Commissioning Support Unit,1,1,0,0,0.0
Midlands Partnership NHS Foundation trust,1,0,0,1,100.0
Midgehole Working Mens Club,1,0,0,1,100.0
Mylan Pharmaceuticals,1,1,0,0,0.0
NHS Brighton and Hove Clinical Commissioning Group,1,1,0,0,0.0
NHS Derby & Derbyshire Clinical Commissioning Group,1,0,0,1,100.0
NHS England and NHS National Patient Safety Alerting Committee,1,1,0,0,0.0
NHS Northamptonshire Integrated Care Board,1,0,1,0,0.0
NHS Partners Network,1,1,0,0,0.0
NHS Tees Valley Clinical Commissioning Group,1,1,0,0,0.0
NSPCC,1,1,0,0,0.0
Nant y Gaer Hall Nursing Home,1,0,0,1,100.0
National Ambulance Resilience Unit,1,1,0,0,0.0
National Autistic Society,1,1,0,0,0.0
National Coasteering Charter,1,0,0,1,100.0
National Counter Terrorism Security Office,1,1,0,0,0.0
National Infusion and Vascular Access Society,1,0,0,1,100.0
National Police Air Service,1,0,0,1,100.0
National Tree Safety Group,1,1,0,0,0.0
Neasham Road Surgery,1,0,0,1,100.0
Mid and South Essex Integrated Care System,1,1,0,0,0.0
Merthyr Tydfil County Borough Council,1,0,0,1,100.0
Lower Clapton Group Practice,1,0,0,1,100.0
Maesteg Comprehensive School,1,0,0,1,100.0
Marble Ideas Ltd,1,0,0,1,100.0
Mansfield District Council,1,0,0,1,100.0
Manor Field Surgery,1,0,0,1,100.0
Manchester Medical Service,1,1,0,0,0.0
Manchester Airport Group,1,1,0,0,0.0
Magenta Living Support Link,1,0,0,1,100.0
MK together,1,1,0,0,0.0
Merseytravel,1,1,0,0,0.0
MIRUS Wales,1,0,0,1,100.0
MAC Skip Hire Limited,1,1,0,0,0.0
M C Federation,1,1,0,0,0.0
M & S Water Services,1,0,0,1,100.0
Lynmere Nursing home,1,0,0,1,100.0
Ludlow Street Healthcare,1,1,0,0,0.0
Maria Mallaband Care Group,1,1,0,0,0.0
Marks and Spencer,1,0,0,1,100.0
Masta Limited,1,1,0,0,0.0
Masters of Foxhounds Association,1,1,0,0,0.0
Maurice Mason Ltd,1,0,0,1,100.0
Mayday Group,1,0,0,1,100.0
Maylands Health Care,1,1,0,0,0.0
Meadbank Care Home,1,1,0,0,0.0
Meade Close Care Home,1,0,0,1,100.0
MedPure Healthcare,1,0,0,1,100.0
Media City UK,1,1,0,0,0.0
Medicspro,1,1,0,0,0.0
Medtronic,1,1,0,0,0.0
Medway Community Healthcare,1,1,0,0,0.0
Mercedes-Benz,1,0,0,1,100.0
Merlin Entertainment Limited,1,1,0,0,0.0
Mersey and West Lancashire Teaching Hospitals NHS Trust,1,0,0,1,100.0
Ideal Care Home Ltd,1,1,0,0,0.0
Ice Hockey UK,1,0,0,1,100.0
Hylton View Care Home,1,1,0,0,0.0
Greenbrook Healthcare,1,0,0,1,100.0
HM Inspectorate of Prisons,1,0,0,1,100.0
HICA Group,1,0,0,1,100.0
Gwern Alyn House Residential Home,1,0,0,1,100.0
Gwent Police,1,1,0,0,0.0
Guy's and St Thomas' NHS Foundation Trust,1,0,0,1,100.0
Guinness Care,1,1,0,0,0.0
Green Porch Medical Centre,1,0,0,1,100.0
Grange Care Home,1,1,0,0,0.0
Greater Manchester Neurorehabilitation Integrated Stroke Delivery Network,1,1,0,0,0.0
Greater Manchester Medicines Management Group,1,0,0,1,100.0
Greater London Authority,1,1,0,0,0.0
Great Western Railway,1,0,0,1,100.0
Gravesham Borough Council,1,0,0,1,100.0
Grassy Meadow Care Centre,1,0,0,1,100.0
HM Inspectorate of Probation,1,1,0,0,0.0
HM Prison Cardiff,1,0,0,1,100.0
HM Prison Cookham Wood,1,0,0,1,100.0
HM Prison Humber,1,1,0,0,0.0
HM Prison Liverpool,1,1,0,0,0.0
HM Prison Lowdham Grange,1,1,0,0,0.0
HM Prison Ranby,1,1,0,0,0.0
HM Prison Rye Hill,1,1,0,0,0.0
HM Prison Swaleside,1,0,0,1,100.0
HM Prison Thameside,1,1,0,0,0.0
HM Prison Wakefield,1,1,0,0,0.0
HM Railway Inspectorate,1,1,0,0,0.0
HM Revenue Customs,1,1,0,0,0.0
HMP Altcourse,1,1,0,0,0.0
HMP Berwyn,1,1,0,0,0.0
HMP Dartmoor,1,0,0,1,100.0
HMP Doncaster,1,0,0,1,100.0
Grasmere Surgery,1,0,0,1,100.0
Government Legal Department,1,1,0,0,0.0
Hurst Hall Care Centre,1,1,0,0,0.0
Football Association,1,1,0,0,0.0
Friendship Care and Housing Limited,1,1,0,0,0.0
Fremington Medical Centre,1,0,0,1,100.0
Fremantle Trust,1,1,0,0,0.0
Free the Way,1,0,0,1,100.0
Forestry Commission,1,0,0,1,100.0
Forest of Marston Vale,1,0,0,1,100.0
Floron Residential Home,1,1,0,0,0.0
Google,1,0,1,0,0.0
Flintshire County Council,1,1,0,0,0.0
Fitzalan Medical Group,1,1,0,0,0.0
Fitness First,1,1,0,0,0.0
Fisher and Paykel,1,1,0,0,0.0
FirstPort Property Services,1,0,0,1,100.0
First South Yorkshire Limited,1,0,0,1,100.0
Frome Nursing Home,1,1,0,0,0.0
Future Care & Social Care Association,1,1,0,0,0.0
GE Healthcare,1,0,0,1,100.0
GRS Recovery,1,0,0,1,100.0
Gambling Commission and Department for Culture,1,0,0,1,100.0
Garage Equipment Association,1,1,0,0,0.0
Gas Safe Register,1,1,0,0,0.0
Gender Identity Clinic,1,1,0,0,0.0
General Chiropractic Council,1,1,0,0,0.0
General Medicial Council,1,1,0,0,0.0
Glebelands Care Team,1,1,0,0,0.0
Glenholme Holdingham Grange Care Home,1,0,0,1,100.0
Glenroyd Medical Practice,1,1,0,0,0.0
Globe Court Care Home,1,0,0,1,100.0
Gloucestershire Police,1,1,0,0,0.0
Gloucestershire Social Services,1,1,0,0,0.0
Goals Soccer Centres PLC,1,1,0,0,0.0
HMP Fosse Way,1,1,0,0,0.0
HMP Garth,1,0,0,1,100.0
HMP Grendon,1,1,0,0,0.0
Highlands and Trafalgar Square Surgery,1,0,0,1,100.0
Hirst Electrical Plant Hire Services UK Ltd,1,0,0,1,100.0
Hindley Health Centre Pharmacy,1,1,0,0,0.0
Hilton Hotel,1,0,0,1,100.0
Hillingdon Hospitals NHS Foundation Trust,1,1,0,0,0.0
Hillingdon Council,1,1,0,0,0.0
Hillbrook Grange Residential Care Home,1,0,0,1,100.0
Highgrove Rest Home,1,0,0,1,100.0
HMP High Down,1,1,0,0,0.0
High St Surgery,1,1,0,0,0.0
High Commissioner for Saint Lucia to the UK,1,1,0,0,0.0
Heywood Health,1,1,0,0,0.0
Hewett School,1,1,0,0,0.0
Herts Urgent care Limited,1,1,0,0,0.0
Heritage Attractions Ltd,1,1,0,0,0.0
Holme Farm,1,0,0,1,100.0
Holmes Care Group Limited,1,1,0,0,0.0
Holmleigh Care Homes Ltd,1,0,0,1,100.0
Holy Cross Hospital,1,0,0,1,100.0
Home Care Support Limited,1,1,0,0,0.0
Home Farm Trust Limited,1,0,0,1,100.0
Honda UK,1,1,0,0,0.0
Hopwood House Medical Practice,1,0,0,1,100.0
Hotel Riu Oliva Beach Resort,1,1,0,0,0.0
Hoults Limited,1,1,0,0,0.0
Hull Combined Court Centre,1,0,0,1,100.0
Hull and East Yorkshire NHS Trust,1,0,0,1,100.0
Human Race Limited,1,0,0,1,100.0
Humankind Charity,1,1,0,0,0.0
Humber Bridge Board,1,0,0,1,100.0
Humberside Police,1,0,1,0,0.0
Hunters Lodge Care Home,1,0,0,1,100.0
Herefordshire and Worcestershire Integrated Care Board,1,1,0,0,0.0
Hereford Medical Group,1,0,0,1,100.0
Heaton Norris Health Centre,1,1,0,0,0.0
Hart Care Nursing and Residential Home,1,0,0,1,100.0
HMP Highpoint,1,1,0,0,0.0
HMP Lancaster Farms,1,0,0,1,100.0
HMP Leicester,1,0,0,1,100.0
HMP Thameside,1,0,0,1,100.0
HMP The Mount and Ministry of Justice,1,1,0,0,0.0
HMP Usk,1,1,0,0,0.0
HR Healthcare Ltd,1,1,0,0,0.0
Hainault Surgery,1,1,0,0,0.0
Halfords Group PLC,1,1,0,0,0.0
Hamerton Zoological Park,1,1,0,0,0.0
Hamilton Community Homes Ltd,1,0,0,1,100.0
Hands of Light Academy,1,0,0,1,100.0
Harden & Bingley Park Ltd,1,0,0,1,100.0
Haringey Council,1,1,0,0,0.0
Haughton Thornley Medical Centres,1,0,0,1,100.0
Heaton Medical Centre,1,1,0,0,0.0
Haven Day Care Centre,1,1,0,0,0.0
Havering Clinical Commissioning Group,1,0,0,1,100.0
Havering London Borough,1,1,0,0,0.0
Havering and Redbridge University Hospital NHS Foundation Trust,1,1,0,0,0.0
Hazelmere Medical Centre,1,0,0,1,100.0
Health Education and Improvement Wales,1,0,0,1,100.0
Health and Communities Wakefield,1,0,0,1,100.0
Health and Safety Manager,1,1,0,0,0.0
Healthcare Homes,1,1,0,0,0.0
Healthcare Inspectorate Wales,1,1,0,0,0.0
Healthcare Management Solutions Ltd,1,1,0,0,0.0
Heath Hospital,1,1,0,0,0.0
Heathcotes Group,1,0,0,1,100.0
Heathrow Airport,1,0,0,1,100.0
need to see original,1,1,0,0,0.0
