name,title,role
Mr Andrew Philip Hetherington,Senior Coroner,Northumberland
HHJ Edward Thomas Henry Teague QC,The Chief Coroner of England and Wales,Honorary Member
Mr Alan Moore,Senior Coroner,Retired Member
Mr Terence Carney,Senior Coroner,Gateshead and South Tyneside
Mr Lincoln Brookes,Senior Coroner,Essex
Mary Jerram,Senior Coroner,Corresponding Member
Ms Joanne Kearsley,Senior Coroner,Greater Manchester North
Miss Clare Bailey,Senior Coroner,Teesside
Mr Andrew Walker,Senior Coroner,London North
Justice John Angus MacRitchie,Senior Coroner,Corresponding Member
Judge Victor YEO Khee Eng,Senior Coroner,Corresponding Member
Mr John Penhale Ellery,Senior Coroner,"Shropshire, Telford and Wrekin"
"Matthew J Bowes, MD, FRCPC",Senior Coroner,Corresponding Member
Gordon Matenga,Senior Coroner,Corresponding Member
Mr Peter Brunton,Senior Coroner,Ceredigion
Garry Leslie Evans,Senior Coroner,Corresponding Member
Ms Jayne Hughes,Senior Coroner,Corresponding Member
Mr Tom Osborne,Senior Coroner,Milton Keynes
Clare Faulds,Senior Coroner,Corresponding Member
Dr Mary Flanagan,Senior Coroner,Corresponding Member
Wayne Solomon,Senior Coroner,Corresponding Member
Mr S. McGovern,Senior Coroner,Warwickshire
Mr Patrick McGurgan,Senior Coroner,Corresponding Member
Mrs Catherine Mason,Senior Coroner,Leicester City and South Leicestershire
Mrs Heidi Julia Connor,Senior Coroner,Berkshire
Cherry McMillen,Senior Coroner,Corresponding Member
Ms Megan Pullum,Senior Coroner,Corresponding Member
Dr Brian J Farrell,Senior Coroner,Corresponding Member
Mr joseph mccrisken,Senior Coroner,Corresponding Member
Justice Lateefa Abisola OKUNNU,Senior Coroner,Corresponding Member
Alastair John Trevaskis,Senior Coroner,Corresponding Member
CHRISTOPHER MARTIN,Senior Coroner,Corresponding Member
Mr Malcolm Simmons,Senior Coroner,Corresponding Member
Mr Derek Winter DL,Deputy Chief Coroner,Sunderland
Helen Margaret Scott,Senior Coroner,Corresponding Member
Raymond NAQVI,Senior Coroner,Corresponding Member
Ms Kally Cheema,Senior Coroner,Cumbria
Dr Elizabeth A Earland,Senior Coroner,Retired Member
Ms Julie Alison Goulding,Senior Coroner,"Sefton, Knowsley and St Helens"
Mr David Heming,Senior Coroner,Cambridgeshire and Peterborough
Mrs Louise Hunt,Senior Coroner,Birmingham and Solihull
Mr David William Graham RIDLEY,Senior Coroner,Wiltshire and Swindon
Greffier Sarah Kelly,Senior Coroner,Corresponding Member
Ms Kate Robertson,Senior Coroner,North West Wales
Mr Nigel Parsley,Senior Coroner,Suffolk
Graeme Douglas Johnstone,Senior Coroner,Honorary Member
Mr Alan R Craze,Senior Coroner,Retired Member
Mr Geoffrey Sullivan,Senior Coroner,Hertfordshire
Mrs Tanyka Samantha Rawden,Senior Coroner,Yorkshire South West
Mr Andrew Harris,Senior Coroner,London Inner South
Mr David Donald William REID,Senior Coroner,Worcestershire
Mr Andrew Cox,Senior Coroner,Cornwall and the Isles of Scilly
Ms Alison Patricia Mutch OBE,Senior Coroner,Greater Manchester South
Mrs Maria Eileen Voisin,Senior Coroner,Avon
Mr Darren Michael Salter,Senior Coroner,Oxfordshire
Dr Michael Kennedy,Senior Coroner,Corresponding Member
Mrs Anne Pember,Senior Coroner,Northamptonshire
Dirk Huyer MD,Senior Coroner,Corresponding Member
Peter Ryan,Senior Coroner,Corresponding Member
Mr Jonathan Richard Heath,Senior Coroner,North Yorkshire and York
The Honourable Mr Justice Weir,Senior Coroner,Corresponding Member
Mr Zafar Siddique,Senior Coroner,The Black Country Jurisdiction
Dr Prof. Denis A. Cusack,Senior Coroner,Corresponding Member
Mr graeme Irvine,Senior Coroner,London East
Mr André Rebello OBE,Senior Coroner,Liverpool and the Wirral
Mr Alan Wilson,Senior Coroner,Blackpool and Fylde
Mr Richard Travers,Senior Coroner,Surrey
Mr Crispin Giles Butler,Senior Coroner,Buckinghamshire
Ms Nicola Jane Mundy,Senior Coroner,Yorkshire South East
Mr Jeremy Chipperfield,Senior Coroner,County Durham and Darlington
Ms Patricia Harding,Senior Coroner,Kent Mid and Medway
Isaac Tan,Senior Coroner,Corresponding Member
Dr Myra Cullinane,Senior Coroner,Corresponding Member
Mr Peter Nieto,Senior Coroner,Derby and Derbyshire
Mrs. Linda P. Virgill (PHD),Senior Coroner,Corresponding Member
Ms Katy Skerrett,Senior Coroner,Gloucestershire
Mr Martin Dominic Fleming,Senior Coroner,Yorkshire West Western
Miss Maria Dougan,Senior Coroner,Corresponding Member
Mr Mark Harris,Senior Coroner,Corresponding Member
Ms Penelope Schofield,Senior Coroner,"West Sussex, Brighton and Hove"
Peter A N de Gruchy,Senior Coroner,Corresponding Member
Mrs Samantha Marsh,Senior Coroner,Somerset
Mr Roger Linton Hatch,Senior Coroner,Kent North West
Judge Neil MacLean - Chief Coroner New Zealand,Senior Coroner,Honorary Member
Mr HG Mark Bricknell,Senior Coroner,Herefordshire
Dr Andrina O'Brien,Senior Coroner,Corresponding Member
James Peter Kitson,Senior Coroner,Corresponding Member
Mr Tony Williams,Senior Coroner,Retired Member
Dr Dirk W Huyer,Senior Coroner,Corresponding Member
Soerdjbalie-Maikoe,Senior Coroner,Corresponding Member
Ciaran MacLoughlin,Senior Coroner,Corresponding Member
Mrs Emma Elizabeth Whitting,Senior Coroner,Bedfordshire and Luton
Mr Christopher Campbell Wilkinson,Senior Coroner,"Hampshire, Portsmouth and Southampton"
Cdr. Richard Marshall RN,Senior Coroner,Corresponding Member
Mr Nigel Meadows,Senior Coroner,Manchester City
Dr James Adeley,Senior Coroner,Lancashire and Blackburn with Darwen
Mr Kevin McLoughlin,Senior Coroner,Yorkshire West Eastern
Miss Sarah Ormond-Walshe,Senior Coroner,London South
Mrs Jacqueline F Lake,Senior Coroner,Norfolk
The Hon. Mr. Justice Colton,Senior Coroner,Corresponding Member
Mrs Jacqueline F Lake,Senior Coroner,Norfolk
Mrs Samantha Marsh,Senior Coroner,Somerset
Justice John Angus MacRitchie,Senior Coroner,Corresponding Member
Alastair John Trevaskis,Senior Coroner,Corresponding Member
Raymond NAQVI,Senior Coroner,Corresponding Member
Mr Graeme David Hughes,Senior Coroner,South Wales Central
Deborah Malcolm,Senior Coroner,Corresponding Member
Mr Peter Brunton,Senior Coroner,Ceredigion
Mr Derek Winter DL,Deputy Chief Coroner,Sunderland
Ms Kally Cheema,Senior Coroner,Cumbria
Peter Ryan,Senior Coroner,Corresponding Member
Mr David William Graham RIDLEY,Senior Coroner,Wiltshire and Swindon
Soerdjbalie-Maikoe,Senior Coroner,Corresponding Member
Mr David Heming,Senior Coroner,Cambridgeshire and Peterborough
Graeme Douglas Johnstone,Senior Coroner,Honorary Member
Miss Clare Bailey,Senior Coroner,Teesside
Mr Richard Travers,Senior Coroner,Surrey
R .David Crawford Clarke,Senior Coroner,Retired Member
Miss Maria Dougan,Senior Coroner,Corresponding Member
Ms Megan Pullum,Senior Coroner,Corresponding Member
Ms Patricia Harding,Senior Coroner,Kent Mid and Medway
Mr Andrew Cox,Senior Coroner,Cornwall and the Isles of Scilly
Mr Geoffrey Sullivan,Senior Coroner,Hertfordshire
The Hon. Mr. Justice Colton,Senior Coroner,Corresponding Member
Ms Jayne Hughes,Senior Coroner,Corresponding Member
Mr Mr P J Bennett,Acting Coroner,Carmarthenshire and Pembrokeshire
Mr Colin Phillips,Acting Coroner,Swansea and Neath Port Talbot
Ms Fiona King,Acting Coroner,East Sussex
Mrs Victoria Davies,Area Coroner,Cheshire
Ms Katrina Hepburn,Area Coroner,Kent Central and South East
Mr Brendan Joseph Allen,Area Coroner,Dorset
Miss Sarah Clarke,Area Coroner,Kent North East
Mr James Bennett,Area Coroner,Birmingham and Solihull
Mr Alan Peter Walsh,Area Coroner,Greater Manchester West
Ms Joy Michelle Brown OBE,Area Coroner,Essex
Miss Emma Serrano,Area Coroner,Staffordshire and Stoke-on-Trent
Mr Ivan Cartwright,Area Coroner,Leicester City and South Leicestershire
Ms Sonia Marie Hayes,Area Coroner,Essex
Miss Catherine Bisset,Area Coroner,Lancashire and Blackburn with Darwen
Mrs Anita Bhardwaj,Area Coroner,Liverpool and the Wirral
Mr Zak Golombeck,Area Coroner,Manchester City
Mrs Joanne Andrews,Area Coroner,"West Sussex, Brighton and Hove"
Mr Simon Milburn,Area Coroner,Cambridgeshire and Peterborough
Mrs Claire Welch,Area Coroner,Cheshire
Mrs Patricia Claire Morgan,Area Coroner,South Wales Central
Miss Kirsty Gomersal,Area Coroner,Cumbria
Ms Elizabeth Gray,Area Coroner,Cambridgeshire and Peterborough
Mr Christopher John Long,Area Coroner,Lancashire and Blackburn with Darwen
Mrs Rosamund Rhodes-Kemp,Area Coroner,"Hampshire, Portsmouth and Southampton"
Ms Yvonne Kathleen Blake,Area Coroner,Norfolk
Mrs SARAH LOUISE SLATER,Area Coroner,Yorkshire South East
Ms Catherine Cundy,Area Coroner,North Yorkshire and York
Mr Peter Sigee,Area Coroner,Greater Manchester West
Mr Kimberley Ian Singleton,Area Coroner,Wiltshire and Swindon
Miss Lorraine Harris,Area Coroner,East Riding of Yorkshire and Kingston-upon-Hull
Mr Simon Wickens,Area Coroner,Surrey
Mr Delroy Henry,Area Coroner,Coventry
Miss Jayne Wilkes,Area Coroner,Lincolnshire
Mr Nicholas Andrew Aldridge,Area Coroner,Corresponding Member
Dr Peter Harrowing,Area Coroner,Avon
Mr Chris Morris,Area Coroner,Greater Manchester South
Mrs Samantha Goward,Area Coroner,Norfolk
Miss Laurinda Bower,Area Coroner,Nottinghamshire
Mr Jason Pegg,Area Coroner,"Hampshire, Portsmouth and Southampton"
Dr Crona Gallagher,Area Coroner,Corresponding Member
Ms Jan Alam,Area Coroner,Yorkshire West Eastern
Ms Suzanne Anderson,Area Coroner,Corresponding Member
Ms Nadia Persaud,Area Coroner,London East
Mr Jacques Howell,Area Coroner,Hertfordshire
Ms Catherine McKenna,Area Coroner,Greater Manchester North
Miss Bina Patel,Area Coroner,Kent Mid and Medway
Dr clare Keane,Area Coroner,Corresponding Member
Rosemary Jane Baxter,Area Coroner,Retired Member
Mr Sean Kevan Horstead,Area Coroner,Essex
Mr Darren Stewart OBE,Area Coroner,Suffolk
Miss Emma Brown,Area Coroner,Birmingham and Solihull
Mr Daniel Howe,Area Coroner,Staffordshire
Mrs Joanne Lees,Area Coroner,The Black Country Jurisdiction
Mr Oliver Robert Longstaff,Area Coroner,Yorkshire West Eastern
Miss Kerrie Burge,Assistant Coroner,South Wales Central
Peter Charles Gore,Assistant Coroner,Yorkshire South East
Miss Janine Wolstenholme,Assistant Coroner,Yorkshire West Eastern
Mr Richard Thomas Middleton,Assistant Coroner,Dorset
Mr JOHN BROADBRIDGE,Assistant Coroner,North Yorkshire and York
Mr Martin Douglas Oldham,Assistant Coroner,Retired Member
Miss Janine Richards,Assistant Coroner,County Durham and Darlington
Mr Gordon Clow,Assistant Coroner,Nottinghamshire
Mrs Elizabeth Megan Brown,Assistant Coroner,Nottinghamshire
Ms Susan Ridge,Assistant Coroner,Surrey
Mrs Aliya Rashid,Assistant Coroner,Bedfordshire and Luton
Mr Neil Cameron,Assistant Coroner,Yorkshire South East
Ms Mary T Burke,Assistant Coroner,Yorkshire West Western
Mr John Taylor,Assistant Coroner,London North
Mrs Julie Mitchell,Assistant Coroner,Greater Manchester North
Dr Sarah-Jane Richards,Assistant Coroner,South Wales Central
Mr David Julian Rosenberg,Assistant Coroner,East Riding of Yorkshire and Kingston-upon-Hull
Miss Fiona Morrison,Assistant Coroner,Yorkshire South West
Mr Simon Nicholas Burge,Assistant Coroner,"Hampshire, Portsmouth and Southampton"
Mr Stephen Simblet KC,Assistant Coroner,Essex
Mr Harry Nathaniel Lambert,Assistant Coroner,London Inner North
Mr Jonathan D P Stevens,Assistant Coroner,London Inner North
Mr Aled Wyn Gruffydd,Assistant Coroner,Swansea and Neath Port Talbot
Dr Séan Cummings,Assistant Coroner,Milton Keynes
Ms Susanna Rickard,Assistant Coroner,Birmingham and Solihull
Miss Bronia Elisabeth Hartley,Assistant Coroner,Greater Manchester West
Daniel Kremer,Assistant Coroner,East Sussex
Mr James Edward Thompson,Assistant Coroner,County Durham and Darlington
Dr Margaret Bayes MBE,Assistant Coroner,Corresponding Member
Mr Graham Rollason Danbury,Assistant Coroner,Hertfordshire
Miss Rachel Raheela Syed,Assistant Coroner,Greater Manchester West
Mr David Place,Assistant Coroner,Sunderland
Miss Jessica Swift,Assistant Coroner,East Riding of Yorkshire and Kingston-upon-Hull
Mr Philip Vollans,Assistant Coroner,Staffordshire and Stoke-on-Trent
Miss Michelle Haste,Assistant Coroner,London Inner South
Mr Kevin Baumber,Assistant Coroner,Hertfordshire
Miss Neena Sharma,Assistant Coroner,Nottinghamshire
Mr Patrick Cassidy,Assistant Coroner,Blackpool and Fylde
Mr John Hobson,Assistant Coroner,Yorkshire West Eastern
Mr Chris Murray,Assistant Coroner,Greater Manchester South
Jonathan Saul Godfrey,Assistant Coroner,Yorkshire South East
Ms Angela Woolnough,Assistant Coroner,Coventry
Miss ana samuel,Assistant Coroner,Birmingham and Solihull
Mrs Marilyn Whittle,Assistant Coroner,Yorkshire South West
Ms Sabina Khan,Assistant Coroner,London Inner West
Ms Alicia Keen,Assistant Coroner,"West Sussex, Brighton and Hove"
Dr Jeane Rosa Mellani,Assistant Coroner,Essex
Ms Sarah Nolan,Assistant Coroner,Derby and Derbyshire
Mr Nicholas Leslie Rheinberg,Assistant Coroner,Wiltshire and Swindon
Ms Anita Davies,Assistant Coroner,Cambridgeshire and Peterborough
Mr Edmund Gritt,Assistant Coroner,London South
Robert Edward Stone,Assistant Coroner,
Miss Lorna Jane Skinner QC,Assistant Coroner,Cambridgeshire and Peterborough
Mrs Jo Wharton,Assistant Coroner,Teesside
Mr RAVI SIDHU,Assistant Coroner,Berkshire
Ms Abigail Combes,Assistant Coroner,Yorkshire South West
Peter Blackwell Smyth,Assistant Coroner,Cornwall and the Isles of Scilly
Mrs Lisa Anne Hammond Naylor,Assistant Coroner,Staffordshire and Stoke-on-Trent
Dr Anton van Dellen,Assistant Coroner,London West
Mr Ivor Collett,Assistant Coroner,London West
Ms Justine Spencer,Assistant Coroner,Berkshire
Dr Karen Henderson,Assistant Coroner,Surrey
Mr Andrew Buckley,Assistant Coroner,The Black Country Jurisdiction
Mr Stephen Peter Teasdale,Assistant Coroner,Greater Manchester West
Miss Charlotte Mary Crangle,Assistant Coroner,Derby and Derbyshire
Mr Michael Wall,Assistant Coroner,Nottinghamshire
Mr Tony Badenoch,Assistant Coroner,London Inner South
Mr Jonathan David Leach,Assistant Coroner,North Yorkshire and York
Dr Julian Rupert Laurence Morris,Assistant Coroner,London Inner South
Mr Ian Wade KC,Assistant Coroner,London East
Miss Fiona Butler,Assistant Coroner,The Black Country Jurisdiction
Ms Anna Morris,Assistant Coroner,Greater Manchester South
Dr Murray James Spittal,Assistant Coroner,Lincolnshire
Mrs Priya Malhotra,Assistant Coroner,London Inner West
Ms Caroline Cross,Assistant Coroner,London Inner South
Mr Andrew Morse,Assistant Coroner,South Wales Central
Mr Matthew Kewley,Assistant Coroner,Derby and Derbyshire
Mrs Sally Anne Robinson,Assistant Coroner,East Riding of Yorkshire and Kingston-upon-Hull
Miss Louise E Rae,Assistant Coroner,Blackpool and Fylde
Mr James Gormley,Assistant Coroner,Gwent
Mr Andrew Perfect,Assistant Coroner,London North
Timothy H Ratcliffe,Assistant Coroner,Yorkshire West Western
Ms Angharad Davies,Assistant Coroner,Manchester City
Mr Matthew A Cox,Assistant Coroner,Greater Manchester North
Ms Valerie Charbit,Assistant Coroner,London West
Mr Tim Holloway,Assistant Coroner,Blackpool and Fylde
Mr Roland John Taylor Wooderson,Assistant Coroner,Herefordshire
Ms jessica russell-mitra,Assistant Coroner,Retired Member
Dr Crona Gallagher,Assistant Coroner,Corresponding Member
Dr Leslie Hamilton,Assistant Coroner,County Durham and Darlington
Mr Gareth jones,Assistant Coroner,"West Sussex, Brighton and Hove"
Mr Simon Tait,Assistant Coroner,Yorkshire South East
Mr Nathanael James Hartley,Assistant Coroner,Nottinghamshire
Miss Georgina Gibbs,Assistant Coroner,Kent
Miss Luisa Maria Nicholson,Assistant Coroner,Exeter and Greater Devon
Mr Duncan Ritchie,Assistant Coroner,Staffordshire and Stoke-on-Trent
Mr David Lewis,Assistant Coroner,Liverpool and the Wirral
Anthony Howard,Assistant Coroner,Lancashire and Blackburn with Darwen
Miss Sian Reeves,Assistant Coroner,London South
Mrs Deborah Suzanne Rookes,Assistant Coroner,Dorset
Mr Heath Westerman,Assistant Coroner,"Shropshire, Telford and Wrekin"
Mr James Jerome Dillon,Assistant Coroner,Kent North East
Mr Edward Steele,Assistant Coroner,East Riding of Yorkshire and Kingston-upon-Hull
Miss Sarah Valentine,Assistant Coroner,London Inner South
Ms Judith Vanessa Leach,Assistant Coroner,Oxfordshire
Mrs Elizabeth Wheeler,Assistant Coroner,Cheshire
Mr Scott Matthewson,Assistant Coroner,Kent Mid and Medway
Mrs Rebecca Connell,Assistant Coroner,Yorkshire South West
Miss Isobel Thistlethwaite,Assistant Coroner,Leicester City and South Leicestershire
Mr Adam Hodson,Assistant Coroner,Birmingham and Solihull
Thomas Victor Laffey,Assistant Coroner,Gateshead and South Tyneside
Sian Scott Jones,Assistant Coroner,Lancashire and Blackburn with Darwen
Miss Anna Crawford,Assistant Coroner,Surrey
Richard Baker,Assistant Coroner,Yorkshire South East
Neil Joseph Cronin,Assistant Coroner,Lancashire and Blackburn with Darwen
Mr Jonathan Landau,Assistant Coroner,London South
Mrs Helen Rachel Redman,Assistant Coroner,East Sussex
Ms Melanie Lee,Assistant Coroner,London Inner North
Ms Katy Ainge,Assistant Coroner,Liverpool and the Wirral
Miss Miss Briony Ballard,Assistant Coroner,London Inner South
Mrs Gaynor Kynaston,Assistant Coroner,South Wales Central
Mr Crispin Oliver,Assistant Coroner,County Durham and Darlington
John Ryan,Assistant Coroner,Coventry
Mr Jonathan Dixey,Assistant Coroner,Northamptonshire
SARAH ANNE MARGARET MARTIN,Assistant Coroner,Wolverhampton
Mr Grant Davies,Assistant Coroner,Dorset
Dr Elizabeth Didcock,Assistant Coroner,Nottinghamshire
Mrs Karen Harrold,Assistant Coroner,"West Sussex, Brighton and Hove"
Ms Heather Williams,Assistant Coroner,Retired Member
Mr Simon Jones,Assistant Coroner,Lancashire and Blackburn with Darwen
Ms Rachel Spearing,Assistant Coroner,"Hampshire, Portsmouth and Southampton"
Miss Fiona Jane Gingell,Assistant Coroner,Nottinghamshire
Miss Rebecca Louise Covington,Assistant Coroner,Nottinghamshire
Ms michelle okeeffe,Assistant Coroner,Surrey
Miss Laura Fox,Assistant Coroner,Lancashire and Blackburn with Darwen
Mrs Angela Carol Brocklehurst,Assistant Coroner,Yorkshire West Western
Samuel James Faulks,Assistant Coroner,Teesside
Mr J Mark Layton,Assistant Coroner,Ceredigion
Mrs Dianne Hocking,Assistant Coroner,Leicester City and South Leicestershire
Mr Nicholas Graham,Assistant Coroner,Oxfordshire
Mrs Hannah Victoria Berry,Assistant Coroner,Yorkshire South West
J. Nigel Anderson,Assistant Coroner,Derby and Derbyshire
Mr Benjamin Haigh,Assistant Coroner,Teesside
Mr Edward Ramsay,Assistant Coroner,Swansea and Neath Port Talbot
Ms Saba Naqshbandi,Assistant Coroner,London Inner North
Ms Allison SUMMERS,Assistant Coroner,Kent Mid and Medway
Ms Vanessa McKinlay,Assistant Coroner,Birmingham and Solihull
Kevin Paul Eastwick,Assistant Coroner,Essex
Miss Sarah Watson,Assistant Coroner,Yorkshire West Eastern
Mrs Sarah L. Whitby,Assistant Coroner,"Hampshire, Portsmouth and Southampton"
Mrs Katy Dickinson,Assistant Coroner,Yorkshire South West
Mr Joseph Hart,Assistant Coroner,Liverpool and the Wirral
Mr Ian Arrow,Assistant Coroner,London West
Mrs Laura May Bradford,Assistant Coroner,East Sussex
Mr Nicholas Walker,Assistant Coroner,Staffordshire and Stoke-on-Trent
Ms ANN MARGARET TAYLOR,Assistant Coroner,Cumbria
Mrs Michaela Amy Blackmore,Assistant Coroner,Warwickshire
Mr Michael Wallbank,Assistant Coroner,Greater Manchester South
Dr Nick Armstrong,Assistant Coroner,Brighton and Hove
Miss Naomi Rees,Assistant Coroner,Gwent
Miss Sarah Jane Wood,Assistant Coroner,Nottinghamshire
Miss Naomi Rees,Assistant Coroner,Gwent
Miss Sarah Jane Wood,Assistant Coroner,Nottinghamshire
Dr Simon Fox QC,Assistant Coroner,Avon
Dr Karen Henderson,Assistant Coroner,Surrey
Jo Cooper,Assistant Coroner,Kent Mid and Medway
Ms Johanna Thompson,Assistant Coroner,Norfolk
Ms Hannah Hinton,Assistant Coroner,London West
Mr james puzey,Assistant Coroner,Worcestershire
Mrs Susan Duncan,Assistant Coroner,Greater Manchester West
Mr Jake Taylor,Assistant Coroner,London Inner West
Ms Amy Street,Assistant Coroner,Bedfordshire and Luton
Dr Sam Bass,Assistant Coroner,Cambridgeshire and Peterborough
Miss Caroline Margaret Jones,Assistant Coroner,Cambridgeshire and Peterborough
Mr Sebastian Hugh Joseph Naughton,Assistant Coroner,London South
Mr Alan James Blunsdon,Assistant Coroner,Kent North West
Mr Michael Walsh,Assistant Coroner,Oxfordshire
Mr James Newman,Assistant Coroner,Lancashire and Blackburn with Darwen
Mr Gareth Lewis,Assistant Coroner,Carmarthenshire and Pembrokeshire
Mr Edwin Buckett,Assistant Coroner,London Inner North
Ms Nicola Jones,Assistant Coroner,Retired Member
Mrs Krestina Hayes,Assistant Coroner,Surrey
Mr James Hargan,Assistant Coroner,East Riding of Yorkshire and Kingston-upon-Hull
Ms Leanne Woods,Assistant Coroner,London East
Mr Paul Dunn,Assistant Coroner,Northumberland South
Mr James Healy-Pratt,Assistant Coroner,East Sussex
Mr Joseph Turner,Assistant Coroner,Brighton and Hove
Mr Adam Smith,Assistant Coroner,Milton Keynes
Mr Nicholas Lane,Assistant Coroner,"Plymouth, Torbay and South Devon"
Miss Amanda Jane Bewley,Assistant Coroner,Nottinghamshire
Mr Michael Senior Salt,Assistant Coroner,Greater Manchester North
Mr Michael Senior Salt,Assistant Coroner,Greater Manchester North
Mr Philip Anthony Holden,Assistant Coroner,Yorkshire West Eastern
Mr Thomas Crookes,Assistant Coroner,Newcastle and North Tyneside
Mr Ian Christopher James Dreelan,Assistant Coroner,Birmingham and Solihull
Mr Michael James Pemberton,Assistant Coroner,The Black Country Jurisdiction
Sian Scott Jones,Assistant Coroner,Lancashire and Blackburn with Darwen
Mr Paul John Rogers,Assistant Coroner,London Inner West
Dr Liliane Marthe Field,Assistant Coroner,London Inner South
Mr Tom Stoate,Assistant Coroner,Bedfordshire and Luton
Mr Richard Glyn Moore Hughes,Assistant Coroner,Staffordshire and Stoke-on-Trent
Mr Jonathan Straw,Assistant Coroner,Nottinghamshire
Mrs LOUISA ALICE ELIZABETH JONES CORCORAN,Assistant Coroner,Ceredigion
Mrs Rebecca Sutton,Assistant Coroner,County Durham and Darlington
Ms Samantha Broadfoot,Assistant Coroner,Cambridgeshire and Peterborough
Dr Bridget Dolan QC,Assistant Coroner,"West Sussex, Brighton and Hove"
Mr Stephen George Eccleston,Assistant Coroner,Yorkshire South West
Mr Paul Stanford Cooper,Assistant Coroner,Lincolnshire
Mrs Helen Rimmer,Assistant Coroner,Liverpool and the Wirral
Ms AMANDA CLAIRE HILL,Assistant Coroner,Yorkshire West Western
Mr Richard Glyn Moore Hughes,Assistant Coroner,Staffordshire and Stoke-on-Trent
Ms Rachel Galloway,Assistant Coroner,Lancashire and Blackburn with Darwen
Mr David Regan,Assistant Coroner,South Wales Central
Mr John Joseph Buckley,Assistant Coroner,Warwickshire
Mrs Deborah Rachel Lakin,Assistant Coroner,Warwickshire
Mr Matthew Stanbury,Assistant Coroner,Yorkshire South East
Olivia M Davison,Assistant Coroner,Rutland and North Leicestershire
Mrs Alison Norton,Assistant Coroner,North Yorkshire and York
Ms Fiona Borrill,Assistant Coroner,Manchester City
Mr Sukhdev Garcha,Assistant Coroner,Staffordshire and Stoke-on-Trent
Miss Sarah Murphy,Assistant Coroner,Staffordshire and Stoke-on-Trent
Ms Sally Hatfield,Assistant Coroner,Manchester City
Mr Peter Taheri,Assistant Coroner,Suffolk
Sir Scott Baker,Assistant Coroner,Honorary Member
Miss Lisa Judge,Assistant Coroner,Greater Manchester West
Mr Michael Louis Sheridan Mellun,Assistant Coroner,Retired Member
Mr Anthony Mazzag,Assistant Coroner,Manchester City
Christopher John Beverley,Assistant Coroner,Blackpool and Fylde
Mr Tim Deeming,Assistant Coroner,Suffolk
Mrs Emma Hillson,Assistant Coroner,Cornwall and the Isles of Scilly
Ms Joanna Coleman,Assistant Coroner,Oxfordshire
Mrs Charlotte Keighley,Assistant Coroner,Cheshire
Mr Carl John FITCH,Assistant Coroner,Yorkshire South West
Ms Fleur Hallett,Assistant Coroner,London Inner South
Ms Catherine Judith Wood,Assistant Coroner,London West
Donald Georgelin,Assistant Coroner,Corresponding Member
James Stewart Hunter,Assistant Coroner,Lancashire and Blackburn with Darwen
Mr Nicholas Mark Flanagan,Assistant Coroner,Greater Manchester North
Dr Richard Ian Brittain,Assistant Coroner,London Inner North
Miss Caroline Topping,Assistant Coroner,Surrey
Dr Frances Mary Cranfield,Assistant Coroner,Hertfordshire
Dr Frances Mary Cranfield,Assistant Coroner,Hertfordshire
Mr Nicholas Lane,Assistant Coroner,"Plymouth, Torbay and South Devon"
Mrs Rose farmer,Assistant Coroner,Gwent
Mrs Rebecca Ollivere,Assistant Coroner,Birmingham and Solihull
Mr Ian Geoffrey Pears,Assistant Coroner,Yorkshire West Western
Mr Stephen Simblet KC,Assistant Coroner,Essex
Mr Russell Ashley Caller,Assistant Coroner,London Inner West
Mr Tim Suter,Assistant Coroner,Berkshire
Dr Simon Fox QC,Assistant Coroner,Avon
Mrs Victoria Louise Cook,Assistant Coroner,Dorset
Dr Jason Wells,Assistant Coroner,Greater Manchester South
Miss Karin Elizabeth Welsh,Assistant Coroner,Sunderland
Miss Sunyana Sharma,Assistant Coroner,"Hampshire, Portsmouth and Southampton"
Dr Edward Patrick Morgan KC,Assistant Coroner,Greater Manchester North
Miss Laura Nash,Assistant Coroner,Lancashire and Blackburn with Darwen
Mr David Manknell,Assistant Coroner,London Inner South
Miss Kirsten Mercer,Assistant Coroner,Newcastle and North Tyneside
Mr David Pojur,Assistant Coroner,North Wales (East & Central)
Mr Nick Seán Stanage,Assistant Coroner,Manchester City
Mr Mark Andrew Beresford,Assistant Coroner,Yorkshire South
Mr Rob Sowersby,Assistant Coroner,Avon
Sir Peter Thornton QC,Assistant Coroner,London City
Ms Alexandra Pountney,Assistant Coroner,Yorkshire South West
Mr Mike Bird,Assistant Coroner,Derby and Derbyshire
Mr Paul Michael Appleton,Assistant Coroner,Teesside
Mr Christopher Briggs,Assistant Coroner,Greater Manchester South
Miss Thea Wilson,Assistant Coroner,Essex
Miss Susan Evans,Assistant Coroner,Derby and Derbyshire
Mr Andrew Michael Bridgman,Assistant Coroner,Greater Manchester South
Ms Karen Dempsey,Assistant Coroner,London South
Ms Myfanwy Buckeridge,Assistant Coroner,Avon
Mr Nadim Bashir,Assistant Coroner,Yorkshire East
Dr Nicholas Alastair Shaw,Assistant Coroner,Cumbria
Dr Daniel Sharpstone,Assistant Coroner,Suffolk
Ms Sarah Bourke,Assistant Coroner,London Inner North
Mr Graham William Anthony Jackson,Assistant Coroner,"Sefton, Knowsley and St Helens"
Mrs Lindsey Tonks,Assistant Coroner,Staffordshire and Stoke-on-Trent
Mr Craig Smith,Assistant Coroner,Cumbria
Miss Elizabeth Dudley-Jones,Assistant Coroner,North Wales (East & Central)
Miss Ceri Owen,Assistant Coroner,Greater Manchester West
Mrs Karen Dilks,Assistant Coroner,Newcastle and North Tyneside
Miss Kelly Elizabeth Dixon,Assistant Coroner,The Black Country Jurisdiction
Miss Sabyta Kaushal,Assistant Coroner,Derby and Derbyshire
Ms Kate Fawell-Comley,Assistant Coroner,Brighton and Hove
Mr christopher paul williams,Assistant Coroner,London Inner South
Ms Tina Amanda Harrington,Assistant Coroner,Essex
Ms Gemma Brannigan,Assistant Coroner,Oxfordshire
Laura Wendy Johnson,Assistant Coroner,London East
Miss Sarah Riley,Assistant Coroner,North West Wales
Mr Richard Watson,Assistant Coroner,North Yorkshire and York
Ms Ellie Oakley,Assistant Coroner,London Inner West
Mrs Lauren Costello,Assistant Coroner,Greater Manchester South
Ms Rebecca Anne Mundy,Assistant Coroner,Essex
Mr Simon Connolly,Assistant Coroner,County Durham and Darlington
Mr Adrian John Farrow,Assistant Coroner,Greater Manchester South
Arthur Joseph Pim,Assistant Coroner,Retired Member
Ms Sarah Le Fevre,Assistant Coroner,Gwent
Miss Sarah Anna Middleton,Assistant Coroner,East Riding of Yorkshire and Kingston-upon-Hull
Ms Hannah Godfrey,Assistant Coroner,London South
Dr M D Dominic Bell,Assistant Coroner,Yorkshire West Western
Miss Alison McCormick,Assistant Coroner,Buckinghamshire
Mr Professor John S Pollard,Assistant Coroner,Greater Manchester West
Mr Scott McDonnell,Assistant Coroner,Surrey
Mr Andrew David Cousins,Assistant Coroner,Blackpool and Fylde
Mr Ian Potter,Assistant Coroner,London Inner North
Joanna Lesley Pratt,Assistant Coroner,East Sussex
Mrs Anna Loxton,Assistant Coroner,Surrey
Miss Rachel Elisabeth Knight,Assistant Coroner,South Wales Central
Miss Sophie Cartwright KC,Assistant Coroner,Derby and Derbyshire
Mrs Sally Morgan,Assistant Coroner,"West Sussex, Brighton and Hove"
Miss Hannah Mettam,Assistant Coroner,Nottinghamshire
Ms Marianne Johnson,Assistant Coroner,Lincolnshire
Mr Simon Brenchley,Assistant Coroner,Birmingham and Solihull
Miss Clare Doherty,Assistant Coroner,Blackpool and Fylde
Mrs kirsten heaven,Assistant Coroner,Swansea and Neath Port Talbot
Ms Alexandra Pountney,Assistant Coroner,Yorkshire South West
Ms Gilva Dagmar Jane Tisshaw,Assistant Coroner,Brighton and Hove
Mr Thomas Richard Geoffrey Leeper,Assistant Coroner,Warwickshire
Mr Robert Cohen,Assistant Coroner,Cumbria
Mr Xavier Mooyaart,Assistant Coroner,London Inner South
Mr Gavin Knox,Assistant Coroner,South Wales Central
Mr Nicholas Moss QC,Assistant Coroner,Cambridgeshire and Peterborough
Mr SIMON NELSON,Assistant Coroner,Greater Manchester West
Dr Shirley Radcliffe,Assistant Coroner,London Inner West
Miss Linda Jacobs,Assistant Coroner,London City
Mr Alexander Miles Frodsham,Assistant Coroner,Cheshire
Mr Keith Morton QC,Assistant Coroner,Cambridgeshire and Peterborough
Mr Stephen Covell,Assistant Coroner,Cornwall and the Isles of Scilly
Mrs Nathalie Ann James,Assistant Coroner,Yorkshire South West
Mr Christopher Leach,Assistant Coroner,Norfolk
Ms Louise Wiltshire,Assistant Coroner,"Plymouth, Torbay and South Devon"
Mrs Jean Harkin,Assistant Coroner,Cheshire
Dr Peter Henry Straker,Assistant Coroner,London North
Mr Philip Barlow,Assistant Coroner,London Inner South
Miss Kate Thomas,Assistant Coroner,Kent Mid and Medway
Helen Daly,Assistant Coroner,London North
Mrs LINDA KAREN HADFIELD LEE,Assistant Coroner,Coventry
Mr Ian Mullarkey,Assistant Coroner,Yorkshire South East
Carolyn Lesley Hull,Assistant Coroner,Rutland and North Leicestershire
Ms Kate Wilson,Assistant Coroner,Liverpool and the Wirral
Miss CARLY ELIZABETH HENLEY,Assistant Coroner,Northumberland North
Mr James Brooks,Assistant Coroner,Corresponding Member
Sara Sutherland,Assistant Coroner,Lancashire and Blackburn with Darwen
Dr Rashid Sohail,Assistant Coroner,Manchester City
Mr Nicholas Sanders,Judge Coroner,Corresponding Member
Mr Graeme Dewar McKerrell,Judge Coroner,Corresponding Member
Lord Burnett of Maldon,Judge Coroner,Honorary Member
Mr Roger William Elsey,Judge Coroner,Corresponding Member
Mrs Deborah Ann,Judge Coroner,Corresponding Member
Mr Paul B Matthews,Judge Coroner,Retired Member
HHJ Mark Lucraft QC,Judge Coroner,Honorary Member
John Goldring,Judge Coroner,Yorkshire South East
R J Balmain,Former Coroner,Retired Member
Mr Michael Singleton,Former Coroner,Retired Member
Dr Paul A Knapman,Former Coroner,Retired Member
Miss Wendy James,Former Coroner,Retired Member
Rodney H G Corner MBE,Former Coroner,Retired Member
Ms Lisa Jeanette Hashmi,Former Coroner,Retired Member
Edward T Carlyon,Former Coroner,Retired Member
Miss Veronica HAMILTON-DEELEY,Former Coroner,Retired Member
David Mitford,Former Coroner,Retired Member
Mr John Matthews,Former Coroner,Retired Member
Mr David Clark Horsley,Former Coroner,Retired Member
Ms Maureen Taylor,Former Coroner,Retired Member
Mr C. Brian Gallon,Former Coroner,Retired Member
Lawrence S Addicott,Former Coroner,Retired Member
Michael T Gwynne,Former Coroner,Retired Member
Dr Peter Dean,Former Coroner,Retired Member
Robert William Wilson,Former Coroner,Retired Member
Dr Alexander Robert Walker Forrest,Former Coroner,Retired Member
Wm J Armstrong OBE,Former Coroner,Retired Member
Dr E. Emma Carlyon,Former Coroner,Retired Member
D C Masters,Former Coroner,Retired Member
Hamish M Turner,Former Coroner,Retired Member
Mr V F Round,Former Coroner,Retired Member
Mr Christopher Kent Sumner,Former Coroner,Retired Member
William R Morris,Former Coroner,Retired Member
Alan L Maddrell,Former Coroner,Retired Member
Mr John C Taylor,Former Coroner,Retired Member
Mr David R Sarginson,Former Coroner,Retired Member
David M Halpern,Former Coroner,Retired Member
J Stewart Atkinson,Former Coroner,Retired Member
Mr Peter J Bedford,Former Coroner,Retired Member
Mr Paul Kelly,Former Coroner,Retired Member
Mr D T Bowen,Former Coroner,Retired Member
Michael R Rose,Former Coroner,Retired Member
Mr Mark Noel Kendall,Former Coroner,North Lincolnshire and Grimsby
Mr Andrew M Bradley,Former Coroner,Retired Member
James M Symington,Former Coroner,Retired Member
Mr Geraint Williams,Former Coroner,Retired Member
P M Walters,Former Coroner,Retired Member
Richard M Whittington,Former Coroner,Retired Member
Mr DAVID LLEWELYN ROBERTS,Former Coroner,Retired Member
Mike C Johnston,Former Coroner,Retired Member
Mr Christopher Dorries,Former Coroner,Retired Member
Keith M Dowding,Former Coroner,Retired Member
C W Malcolm Donnelly,Former Coroner,Retired Member
Mr Ian G McCreath M.B.E.,Former Coroner,Retired Member
T Kelly,Former Coroner,Retired Member
Richard J Allen,Former Coroner,Wolverhampton
Mr Richard G Taylor,Former Coroner,Retired Member
Miss Alison M Thompson MBE,Former Coroner,Retired Member
Mr Dewi Pritchard Jones,Former Coroner,Retired Member
Richard A Hulett,Former Coroner,Retired Member
Mr Rob Turnbull,Former Coroner,Retired Member
Mr Ian Smith,Former Coroner,Retired Member
Eric Armstrong,Former Coroner,Retired Member
Keith St John Wiseman,Former Coroner,Retired Member
Mr Stuart P G Fisher,Former Coroner,Retired Member
Mr Andrew Adrian Haigh,Former Coroner,Retired Member
Mr Edward G Thomas,Former Coroner,Retired Member
Dr David J Osborne,Former Coroner,Retired Member
Anthony F T Sibcy,Former Coroner,Retired Member
Mr Grahame Antony Short,Former Coroner,Retired Member
Mr Peter Judge,Former Coroner,Corresponding Member
D Hinchliff,Former Coroner,Retired Member
Nigel D Chapman,Former Coroner,Retired Member
E Stanley Hooper,Former Coroner,Retired Member
Mr Sheriff S Payne,Former Coroner,Retired Member
Mr Geoff L Fell,Former Coroner,Retired Member
Mr C W Johnson,Former Coroner,Retired Member
Michael J F Sheffield,Former Coroner,Retired Member
Roger Douglas Atkinson,Former Coroner,Retired Member
Peter Gerard Ashworth,Former Coroner,Retired Member
Miss Lynette Hill,Retired/Honorary members,Honorary Member
Dr Roy N Palmer,Retired/Honorary members,London City
Mr Tony Brown,Retired/Honorary members,Retired Member
Mr Roger J Sykes,Retired/Honorary members,Retired Member
Mr Raymond Hemingray,Retired/Honorary members,Honorary Member
Mr Thomas LUCE,Retired/Honorary members,Honorary Member
Mr Ian Smith,Retired/Honorary members,Retired Member
Dr William F G Dolman,Retired/Honorary members,Retired Member
William R Knowles,Retired/Honorary members,Retired Member
Mr Robert Chapman,Retired/Honorary members,Retired Member
Mr T H Kirkman,Retired/Honorary members,Retired Member
Dr John Leckey,Retired/Honorary members,Honorary Member
Mrs Caroline Beasley-Murray OBE,Retired/Honorary members,Retired Member
Mr DAVID MORRIS,Retired/Honorary members,Retired Member
Mrs Becky Gunning,Retired/Honorary members,Honorary Member
"Mr Michael J C Burgess CVO, OBE",Retired/Honorary members,Retired Member
Dr Robert Hunter,Retired/Honorary members,Retired Member
Ms Selena R Lynch,Retired/Honorary members,Retired Member
Leslie Sommer,Retired/Honorary members,Honorary Member
Ms Rebecca Margaret COBB,Retired/Honorary members,Retired Member
Mr Geoffrey M. Saul,Retired/Honorary members,Retired Member
Mr Andrew Tweddle,Retired/Honorary members,County Durham and Darlington
Mr Michael F Coker MBE,Retired/Honorary members,Retired Member
Ms Henrietta Hill QC,Retired/Honorary members,Honorary Member
N G Gardiner,Retired/Honorary members,Retired Member
Miss Stephanie Blair,Fiscal,Corresponding Member
Mr David S. A. Green,Fiscal,Corresponding Member
Ms Selena Brown,Fiscal,Corresponding Member
Ms Denise J Bruce,Fiscal,Corresponding Member
Mr Geoffrey Main,Fiscal,Corresponding Member
David B Harvie,Fiscal,Corresponding Member
Mr Andy Shanks,Fiscal,Corresponding Member
Miss Jennifer Forbes,Fiscal,Corresponding Member
Mr David Crawford,Fiscal,Corresponding Member
Mrs Katrina Parkes,Fiscal,Corresponding Member
Mrs Jemma Eadie,Fiscal,Corresponding Member
Mrs Viki Yuille,Fiscal,Corresponding Member